user_id,trajectory_id,timestamp,latitude,longitude,altitude
synthetic_demo,artificial_circle,2020-01-01 00:00:00,0.0,0.001,0.0
synthetic_demo,artificial_circle,2020-01-01 00:00:05,9.999833334166665e-06,0.0009999500004166653,0.0
synthetic_demo,artificial_circle,2020-01-01 00:00:10,1.9998666693333082e-05,0.0009998000066665778,0.0
synthetic_demo,artificial_circle,2020-01-01 00:00:15,2.999550020249566e-05,0.0009995500337489876,0.0
synthetic_demo,artificial_circle,2020-01-01 00:00:20,3.998933418663416e-05,0.000999200106660978,0.0
synthetic_demo,artificial_circle,2020-01-01 00:00:25,4.997916927067833e-05,0.0009987502603949663,0.0
synthetic_demo,artificial_circle,2020-01-01 00:00:30,5.9964006479444596e-05,0.0009982005399352043,0.0
synthetic_demo,artificial_circle,2020-01-01 00:00:35,6.994284733753277e-05,0.0009975510002532796,0.0
synthetic_demo,artificial_circle,2020-01-01 00:00:40,7.99146939691727e-05,0.0009968017063026195,0.0
synthetic_demo,artificial_circle,2020-01-01 00:00:45,8.987854919801104e-05,0.0009959527330119942,0.0
synthetic_demo,artificial_circle,2020-01-01 00:00:50,9.983341664682815e-05,0.000995004165278026,0.0
synthetic_demo,artificial_circle,2020-01-01 00:00:55,0.00010977830083717481,0.0009939560979566968,0.0
synthetic_demo,artificial_circle,2020-01-01 00:01:00,0.00011971220728891937,0.0009928086358538663,0.0
synthetic_demo,artificial_circle,2020-01-01 00:01:05,0.00012963414261969486,0.0009915618937147881,0.0
synthetic_demo,artificial_circle,2020-01-01 00:01:10,0.0001395431146442365,0.0009902159962126371,0.0
synthetic_demo,artificial_circle,2020-01-01 00:01:15,0.00014943813247359923,0.0009887710779360422,0.0
synthetic_demo,artificial_circle,2020-01-01 00:01:20,0.00015931820661424598,0.000987227283375627,0.0
synthetic_demo,artificial_circle,2020-01-01 00:01:25,0.00016918234906699605,0.0009855847669095609,0.0
synthetic_demo,artificial_circle,2020-01-01 00:01:30,0.0001790295734258242,0.0009838436927881214,0.0
synthetic_demo,artificial_circle,2020-01-01 00:01:35,0.00018885889497650057,0.0009820042351172704,0.0
synthetic_demo,artificial_circle,2020-01-01 00:01:40,0.00019866933079506122,0.0009800665778412416,0.0
synthetic_demo,artificial_circle,2020-01-01 00:01:45,0.00020845989984609955,0.0009780309147241484,0.0
synthetic_demo,artificial_circle,2020-01-01 00:01:50,0.00021822962308086933,0.0009758974493306056,0.0
synthetic_demo,artificial_circle,2020-01-01 00:01:55,0.0002279775235351884,0.0009736663950053749,0.0
synthetic_demo,artificial_circle,2020-01-01 00:02:00,0.0002377026264271346,0.0009713379748520296,0.0
synthetic_demo,artificial_circle,2020-01-01 00:02:05,0.0002474039592545229,0.0009689124217106448,0.0
synthetic_demo,artificial_circle,2020-01-01 00:02:10,0.0002570805518921551,0.0009663899781345133,0.0
synthetic_demo,artificial_circle,2020-01-01 00:02:15,0.0002667314366888312,0.0009637708963658906,0.0
synthetic_demo,artificial_circle,2020-01-01 00:02:20,0.00027635564856411376,0.0009610554383107709,0.0
synthetic_demo,artificial_circle,2020-01-01 00:02:25,0.00028595222510483556,0.0009582438755126972,0.0
synthetic_demo,artificial_circle,2020-01-01 00:02:30,0.00029552020666133953,0.000955336489125606,0.0
synthetic_demo,artificial_circle,2020-01-01 00:02:35,0.0003050586364434435,0.0009523335698857134,0.0
synthetic_demo,artificial_circle,2020-01-01 00:02:40,0.0003145665606161178,0.0009492354180824408,0.0
synthetic_demo,artificial_circle,2020-01-01 00:02:45,0.00032404302839486837,0.0009460423435283871,0.0
synthetic_demo,artificial_circle,2020-01-01 00:02:50,0.0003334870921408144,0.0009427546655283462,0.0
synthetic_demo,artificial_circle,2020-01-01 00:02:55,0.0003428978074554514,0.000939372712847379,0.0
synthetic_demo,artificial_circle,2020-01-01 00:03:00,0.00035227423327508997,0.0009358968236779349,0.0
synthetic_demo,artificial_circle,2020-01-01 00:03:05,0.000361615431964962,0.0009323273456060345,0.0
synthetic_demo,artificial_circle,2020-01-01 00:03:10,0.00037092046941298267,0.0009286646355765103,0.0
synthetic_demo,artificial_circle,2020-01-01 00:03:15,0.00038018841512316143,0.000924909059857313,0.0
synthetic_demo,artificial_circle,2020-01-01 00:03:20,0.00038941834230865055,0.0009210609940028851,0.0
synthetic_demo,artificial_circle,2020-01-01 00:03:25,0.00039860932798442295,0.0009171208228166051,0.0
synthetic_demo,artificial_circle,2020-01-01 00:03:30,0.0004077604530595702,0.0009130889403123083,0.0
synthetic_demo,artificial_circle,2020-01-01 00:03:35,0.00041687080242921076,0.0009089657496748851,0.0
synthetic_demo,artificial_circle,2020-01-01 00:03:40,0.0004259394650659996,0.0009047516632199634,0.0
synthetic_demo,artificial_circle,2020-01-01 00:03:45,0.0004349655341112302,0.0009004471023526769,0.0
synthetic_demo,artificial_circle,2020-01-01 00:03:50,0.0004439481069655198,0.0008960524975255252,0.0
synthetic_demo,artificial_circle,2020-01-01 00:03:55,0.00045288628537906836,0.000891568288195329,0.0
synthetic_demo,artificial_circle,2020-01-01 00:04:00,0.0004617791755414829,0.0008869949227792842,0.0
synthetic_demo,artificial_circle,2020-01-01 00:04:05,0.00047062588817115805,0.0008823328586101215,0.0
synthetic_demo,artificial_circle,2020-01-01 00:04:10,0.000479425538604203,0.0008775825618903728,0.0
synthetic_demo,artificial_circle,2020-01-01 00:04:15,0.00048817724688290747,0.0008727445076457513,0.0
synthetic_demo,artificial_circle,2020-01-01 00:04:20,0.0004968801378437368,0.0008678191796776499,0.0
synthetic_demo,artificial_circle,2020-01-01 00:04:25,0.000505533341204847,0.0008628070705147611,0.0
synthetic_demo,artificial_circle,2020-01-01 00:04:30,0.0005141359916531131,0.0008577086813638242,0.0
synthetic_demo,artificial_circle,2020-01-01 00:04:35,0.0005226872289306592,0.0008525245220595057,0.0
synthetic_demo,artificial_circle,2020-01-01 00:04:40,0.0005311861979208834,0.0008472551110134161,0.0
synthetic_demo,artificial_circle,2020-01-01 00:04:45,0.0005396320487339693,0.0008419009751622687,0.0
synthetic_demo,artificial_circle,2020-01-01 00:04:50,0.0005480239367918736,0.0008364626499151869,0.0
synthetic_demo,artificial_circle,2020-01-01 00:04:55,0.0005563610229127838,0.0008309406791001635,0.0
synthetic_demo,artificial_circle,2020-01-01 00:05:00,0.0005646424733950354,0.0008253356149096784,0.0
synthetic_demo,artificial_circle,2020-01-01 00:05:05,0.0005728674601004813,0.0008196480178454796,0.0
synthetic_demo,artificial_circle,2020-01-01 00:05:10,0.0005810351605373051,0.0008138784566625339,0.0
synthetic_demo,artificial_circle,2020-01-01 00:05:15,0.0005891447579422695,0.0008080275083121519,0.0
synthetic_demo,artificial_circle,2020-01-01 00:05:20,0.0005971954413623921,0.0008020957578842926,0.0
synthetic_demo,artificial_circle,2020-01-01 00:05:25,0.0006051864057360396,0.0007960837985490559,0.0
synthetic_demo,artificial_circle,2020-01-01 00:05:30,0.0006131168519734338,0.0007899922314973651,0.0
synthetic_demo,artificial_circle,2020-01-01 00:05:35,0.0006209859870365597,0.0007838216658808492,0.0
synthetic_demo,artificial_circle,2020-01-01 00:05:40,0.0006287930240184686,0.0007775727187509279,0.0
synthetic_demo,artificial_circle,2020-01-01 00:05:45,0.000636537182221968,0.0007712460149971066,0.0
synthetic_demo,artificial_circle,2020-01-01 00:05:50,0.0006442176872376911,0.0007648421872844884,0.0
synthetic_demo,artificial_circle,2020-01-01 00:05:55,0.0006518337710215366,0.0007583618759905083,0.0
synthetic_demo,artificial_circle,2020-01-01 00:06:00,0.0006593846719714731,0.000751805729140895,0.0
synthetic_demo,artificial_circle,2020-01-01 00:06:05,0.0006668696350036979,0.0007451744023448705,0.0
synthetic_demo,artificial_circle,2020-01-01 00:06:10,0.000674287911628145,0.0007384685587295879,0.0
synthetic_demo,artificial_circle,2020-01-01 00:06:15,0.0006816387600233341,0.000731688868873821,0.0
synthetic_demo,artificial_circle,2020-01-01 00:06:20,0.0006889214451105513,0.0007248360107409052,0.0
synthetic_demo,artificial_circle,2020-01-01 00:06:25,0.0006961352386273568,0.0007179106696109434,0.0
synthetic_demo,artificial_circle,2020-01-01 00:06:30,0.0007032794192004103,0.0007109135380122773,0.0
synthetic_demo,artificial_circle,2020-01-01 00:06:35,0.0007103532724176078,0.000703845315652236,0.0
synthetic_demo,artificial_circle,2020-01-01 00:06:40,0.0007173560908995228,0.0006967067093471654,0.0
synthetic_demo,artificial_circle,2020-01-01 00:06:45,0.0007242871743701426,0.000689498432951747,0.0
synthetic_demo,artificial_circle,2020-01-01 00:06:50,0.0007311458297268959,0.0006822212072876135,0.0
synthetic_demo,artificial_circle,2020-01-01 00:06:55,0.0007379313711099628,0.000674875760071267,0.0
synthetic_demo,artificial_circle,2020-01-01 00:07:00,0.0007446431199708593,0.0006674628258413082,0.0
synthetic_demo,artificial_circle,2020-01-01 00:07:05,0.0007512804051402927,0.0006599831458849822,0.0
synthetic_demo,artificial_circle,2020-01-01 00:07:10,0.0007578425628952769,0.0006524374681640519,0.0
synthetic_demo,artificial_circle,2020-01-01 00:07:15,0.0007643289370255051,0.0006448265472400012,0.0
synthetic_demo,artificial_circle,2020-01-01 00:07:20,0.0007707388788989693,0.0006371511441985802,0.0
synthetic_demo,artificial_circle,2020-01-01 00:07:25,0.0007770717475268238,0.0006294120265736969,0.0
synthetic_demo,artificial_circle,2020-01-01 00:07:30,0.0007833269096274835,0.0006216099682706645,0.0
synthetic_demo,artificial_circle,2020-01-01 00:07:35,0.0007895037396899505,0.0006137457494888116,0.0
synthetic_demo,artificial_circle,2020-01-01 00:07:40,0.0007956016200363661,0.0006058201566434628,0.0
synthetic_demo,artificial_circle,2020-01-01 00:07:45,0.0008016199408837772,0.0005978339822872982,0.0
synthetic_demo,artificial_circle,2020-01-01 00:07:50,0.0008075581004051143,0.0005897880250310982,0.0
synthetic_demo,artificial_circle,2020-01-01 00:07:55,0.0008134155047893738,0.0005816830894638835,0.0
synthetic_demo,artificial_circle,2020-01-01 00:08:00,0.0008191915683009983,0.0005735199860724567,0.0
synthetic_demo,artificial_circle,2020-01-01 00:08:05,0.0008248857133384501,0.0005652995311603544,0.0
synthetic_demo,artificial_circle,2020-01-01 00:08:10,0.0008304973704919705,0.0005570225467662174,0.0
synthetic_demo,artificial_circle,2020-01-01 00:08:15,0.0008360259786005205,0.0005486898605815875,0.0
synthetic_demo,artificial_circle,2020-01-01 00:08:20,0.0008414709848078966,0.0005403023058681397,0.0
synthetic_demo,artificial_circle,2020-01-01 00:08:25,0.0008468318446180152,0.0005318607213743555,0.0
synthetic_demo,artificial_circle,2020-01-01 00:08:30,0.000852108021949363,0.0005233659512516495,0.0
synthetic_demo,artificial_circle,2020-01-01 00:08:35,0.0008572989891886034,0.0005148188449699553,0.0
synthetic_demo,artificial_circle,2020-01-01 00:08:40,0.0008624042272433384,0.0005062202572327784,0.0
synthetic_demo,artificial_circle,2020-01-01 00:08:45,0.000867423225594017,0.000497571047891727,0.0
synthetic_demo,artificial_circle,2020-01-01 00:08:50,0.0008723554823449863,0.0004888720818605275,0.0
synthetic_demo,artificial_circle,2020-01-01 00:08:55,0.0008772005042746817,0.0004801242290285341,0.0
synthetic_demo,artificial_circle,2020-01-01 00:09:00,0.0008819578068849476,0.00047132836417373996,0.0
synthetic_demo,artificial_circle,2020-01-01 00:09:05,0.0008866269144494873,0.0004624853668753008,0.0
synthetic_demo,artificial_circle,2020-01-01 00:09:10,0.0008912073600614354,0.00045359612142557734,0.0
synthetic_demo,artificial_circle,2020-01-01 00:09:15,0.0008956986856800477,0.0004446615167417068,0.0
synthetic_demo,artificial_circle,2020-01-01 00:09:20,0.0009001004421765051,0.0004356824462767121,0.0
synthetic_demo,artificial_circle,2020-01-01 00:09:25,0.0009044121893788259,0.00042665980793015726,0.0
synthetic_demo,artificial_circle,2020-01-01 00:09:30,0.0009086334961158833,0.000417594503958358,0.0
synthetic_demo,artificial_circle,2020-01-01 00:09:35,0.0009127639402605212,0.00040848744088415717,0.0
synthetic_demo,artificial_circle,2020-01-01 00:09:40,0.0009168031087717669,0.00039933952940627323,0.0
synthetic_demo,artificial_circle,2020-01-01 00:09:45,0.0009207505977361357,0.0003901516843082303,0.0
synthetic_demo,artificial_circle,2020-01-01 00:09:50,0.0009246060124080204,0.0003809248243668819,0.0
synthetic_demo,artificial_circle,2020-01-01 00:09:55,0.0009283689672491667,0.000371659872260533,0.0
synthetic_demo,artificial_circle,2020-01-01 00:10:00,0.0009320390859672264,0.00036235775447667363,0.0
synthetic_demo,artificial_circle,2020-01-01 00:10:05,0.000935616001553386,0.0003530194012193304,0.0
synthetic_demo,artificial_circle,2020-01-01 00:10:10,0.0009390993563190677,0.00034364574631604706,0.0
synthetic_demo,artificial_circle,2020-01-01 00:10:15,0.0009424888019316975,0.0003342377271245026,0.0
synthetic_demo,artificial_circle,2020-01-01 00:10:20,0.0009457839994495389,0.0003247962844387762,0.0
synthetic_demo,artificial_circle,2020-01-01 00:10:25,0.0009489846193555862,0.0003153223623952687,0.0
synthetic_demo,artificial_circle,2020-01-01 00:10:30,0.0009520903415905158,0.00030581690837828935,0.0
synthetic_demo,artificial_circle,2020-01-01 00:10:35,0.0009551008555846922,0.00029628087292531873,0.0
synthetic_demo,artificial_circle,2020-01-01 00:10:40,0.0009580158602892249,0.0002867152096319555,0.0
synthetic_demo,artificial_circle,2020-01-01 00:10:45,0.0009608350642060727,0.0002771208750565576,0.0
synthetic_demo,artificial_circle,2020-01-01 00:10:50,0.000963558185417193,0.00026749882862458737,0.0
synthetic_demo,artificial_circle,2020-01-01 00:10:55,0.000966184951612734,0.0002578500325326696,0.0
synthetic_demo,artificial_circle,2020-01-01 00:11:00,0.0009687151001182652,0.0002481754516523729,0.0
synthetic_demo,artificial_circle,2020-01-01 00:11:05,0.0009711483779210446,0.00023847605343372313,0.0
synthetic_demo,artificial_circle,2020-01-01 00:11:10,0.0009734845416953194,0.0002287528078084594,0.0
synthetic_demo,artificial_circle,2020-01-01 00:11:15,0.0009757233578266591,0.0002190066870930415,0.0
synthetic_demo,artificial_circle,2020-01-01 00:11:20,0.0009778646024353162,0.00020923866589141925,0.0
synthetic_demo,artificial_circle,2020-01-01 00:11:25,0.0009799080613986143,0.00019944972099757285,0.0
synthetic_demo,artificial_circle,2020-01-01 00:11:30,0.0009818535303723597,0.00018964083129783423,0.0
synthetic_demo,artificial_circle,2020-01-01 00:11:35,0.0009837008148112765,0.00017981297767299937,0.0
synthetic_demo,artificial_circle,2020-01-01 00:11:40,0.0009854497299884603,0.00016996714290024083,0.0
synthetic_demo,artificial_circle,2020-01-01 00:11:45,0.0009871001010138504,0.00016010431155483127,0.0
synthetic_demo,artificial_circle,2020-01-01 00:11:50,0.0009886517628517198,0.00015022546991168585,0.0
synthetic_demo,artificial_circle,2020-01-01 00:11:55,0.0009901045603371778,0.00014033160584673673,0.0
synthetic_demo,artificial_circle,2020-01-01 00:12:00,0.0009914583481916864,0.00013042370873814555,0.0
synthetic_demo,artificial_circle,2020-01-01 00:12:05,0.0009927129910375886,0.00012050276936736662,0.0
synthetic_demo,artificial_circle,2020-01-01 00:12:10,0.000993868363411645,0.0001105697798200696,0.0
synthetic_demo,artificial_circle,2020-01-01 00:12:15,0.000994924349777581,0.00010062573338693173,0.0
synthetic_demo,artificial_circle,2020-01-01 00:12:20,0.0009958808445376401,9.067162446430969e-05,0.0
synthetic_demo,artificial_circle,2020-01-01 00:12:25,0.0009967377520431434,8.070844845480063e-05,0.0
synthetic_demo,artificial_circle,2020-01-01 00:12:30,0.0009974949866040546,7.07372016677029e-05,0.0
synthetic_demo,artificial_circle,2020-01-01 00:12:35,0.0009981524724975482,6.07588812193859e-05,0.0
synthetic_demo,artificial_circle,2020-01-01 00:12:40,0.000998710143975583,5.0774484933579185e-05,0.0
synthetic_demo,artificial_circle,2020-01-01 00:12:45,0.0009991679452714761,4.0785011241591035e-05,0.0
synthetic_demo,artificial_circle,2020-01-01 00:12:50,0.0009995258306054792,3.0791459082466124e-05,0.0
synthetic_demo,artificial_circle,2020-01-01 00:12:55,0.000999783764189357,2.079482780309243e-05,0.0
synthetic_demo,artificial_circle,2020-01-01 00:13:00,0.0009999417202299662,1.0796117058267393e-05,0.0
synthetic_demo,artificial_circle,2020-01-01 00:13:05,0.0009999996829318347,7.963267107332634e-07,0.0
synthetic_demo,artificial_circle,2020-01-01 00:13:10,0.00099995764649874,-9.203543268808337e-06,0.0
synthetic_demo,artificial_circle,2020-01-01 00:13:15,0.0009998156151342908,-1.920249290169265e-05,0.0
synthetic_demo,artificial_circle,2020-01-01 00:13:20,0.000999573603041505,-2.9199522301288817e-05,0.0
synthetic_demo,artificial_circle,2020-01-01 00:13:25,0.0009992316344213906,-3.919363177298771e-05,0.0
synthetic_demo,artificial_circle,2020-01-01 00:13:30,0.000998789743470524,-4.918382191417055e-05,0.0
synthetic_demo,artificial_circle,2020-01-01 00:13:35,0.0009982479743776325,-5.916909371414836e-05,0.0
synthetic_demo,artificial_circle,2020-01-01 00:13:40,0.0009976063813191738,-6.914844865406217e-05,0.0
synthetic_demo,artificial_circle,2020-01-01 00:13:45,0.000996865028453919,-7.912088880673408e-05,0.0
synthetic_demo,artificial_circle,2020-01-01 00:13:50,0.0009960239899165367,-8.908541693645919e-05,0.0
synthetic_demo,artificial_circle,2020-01-01 00:13:55,0.0009950833498101803,-9.904103659872801e-05,0.0
synthetic_demo,artificial_circle,2020-01-01 00:14:00,0.000994043202198076,-0.00010898675223987112,0.0
synthetic_demo,artificial_circle,2020-01-01 00:14:05,0.0009929036510941186,-0.00011892156929661223,0.0
synthetic_demo,artificial_circle,2020-01-01 00:14:10,0.0009916648104524685,-0.00012884449429552465,0.0
synthetic_demo,artificial_circle,2020-01-01 00:14:15,0.000990326804156158,-0.00013875453495237755,0.0
synthetic_demo,artificial_circle,2020-01-01 00:14:20,0.0009888897660047015,-0.00014865070027136366,0.0
synthetic_demo,artificial_circle,2020-01-01 00:14:25,0.0009873538397007164,-0.00015853200064419777,0.0
synthetic_demo,artificial_circle,2020-01-01 00:14:30,0.0009857191788355535,-0.000168397447949077,0.0
synthetic_demo,artificial_circle,2020-01-01 00:14:35,0.000983985946873937,-0.00017824605564949208,0.0
synthetic_demo,artificial_circle,2020-01-01 00:14:40,0.0009821543171376185,-0.0001880768388928801,0.0
synthetic_demo,artificial_circle,2020-01-01 00:14:45,0.0009802244727880455,-0.00019788881460910902,0.0
synthetic_demo,artificial_circle,2020-01-01 00:14:50,0.0009781966068080448,-0.0002076810016087838,0.0
synthetic_demo,artificial_circle,2020-01-01 00:14:55,0.0009760709219825242,-0.00021745242068136464,0.0
synthetic_demo,artificial_circle,2020-01-01 00:15:00,0.0009738476308781952,-0.0002272020946930871,0.0
synthetic_demo,artificial_circle,2020-01-01 00:15:05,0.0009715269558223153,-0.00023692904868467468,0.0
synthetic_demo,artificial_circle,2020-01-01 00:15:10,0.0009691091288804563,-0.000246632309968834,0.0
synthetic_demo,artificial_circle,2020-01-01 00:15:15,0.0009665943918332976,-0.00025631090822752275,0.0
synthetic_demo,artificial_circle,2020-01-01 00:15:20,0.0009639829961524481,-0.00026596387560898037,0.0
synthetic_demo,artificial_circle,2020-01-01 00:15:25,0.0009612752029752999,-0.00027559024682451296,0.0
synthetic_demo,artificial_circle,2020-01-01 00:15:30,0.0009584712830789142,-0.0002851890592450209,0.0
synthetic_demo,artificial_circle,2020-01-01 00:15:35,0.000955571516852944,-0.00029475935299726105,0.0
synthetic_demo,artificial_circle,2020-01-01 00:15:40,0.0009525761942715953,-0.0003043001710598334,0.0
synthetic_demo,artificial_circle,2020-01-01 00:15:45,0.0009494856148646305,-0.0003138105593588825,0.0
synthetic_demo,artificial_circle,2020-01-01 00:15:50,0.0009463000876874145,-0.0003232895668635036,0.0
synthetic_demo,artificial_circle,2020-01-01 00:15:55,0.0009430199312900105,-0.0003327362456808454,0.0
synthetic_demo,artificial_circle,2020-01-01 00:16:00,0.0009396454736853249,-0.0003421496511508982,0.0
synthetic_demo,artificial_circle,2020-01-01 00:16:05,0.0009361770523163061,-0.00035152884194095986,0.0
synthetic_demo,artificial_circle,2020-01-01 00:16:10,0.0009326150140222005,-0.00036087288013976715,0.0
synthetic_demo,artificial_circle,2020-01-01 00:16:15,0.0009289597150038693,-0.00037018083135128687,0.0
synthetic_demo,artificial_circle,2020-01-01 00:16:20,0.0009252115207881682,-0.0003794517647881545,0.0
synthetic_demo,artificial_circle,2020-01-01 00:16:25,0.0009213708061913955,-0.000388684753364752,0.0
synthetic_demo,artificial_circle,2020-01-01 00:16:30,0.0009174379552818098,-0.000397878873789916,0.0
synthetic_demo,artificial_circle,2020-01-01 00:16:35,0.0009134133613412252,-0.0004070332066592655,0.0
