model,seed,deterministic,reused_existing,user_id,eligible_trajectory_count,row_count,normal_row_count,anomaly_row_count,tn,fp,fn,tp,threshold,accuracy,precision,recall,false_positive_rate,f1_score,roc_auc,average_precision,na_reasons
statistical_rule,,True,False,020,4,6224,5721,503,5162,559,272,231,13.022437059583535,0.8664845758354756,0.29240506329113924,0.4592445328031809,0.0977101905261318,0.35730858468677495,0.717708084650635,0.20107228889823348,{}
statistical_rule,,True,False,021,0,0,0,0,0,0,0,0,13.022437059583535,,,,,,,,"{""accuracy"": ""no_quality_eligible_evaluation_rows"", ""average_precision"": ""no_quality_eligible_evaluation_rows"", ""f1_score"": ""no_quality_eligible_evaluation_rows"", ""false_positive_rate"": ""no_quality_eligible_evaluation_rows"", ""precision"": ""no_quality_eligible_evaluation_rows"", ""recall"": ""no_quality_eligible_evaluation_rows"", ""roc_auc"": ""no_quality_eligible_evaluation_rows""}"
statistical_rule,,True,False,022,5,21688,21140,548,19700,1440,311,237,13.022437059583535,0.9192641091848026,0.1413237924865832,0.4324817518248175,0.06811731315042574,0.21303370786516854,0.7226891974946308,0.17500227935512422,{}
statistical_rule,,True,False,023,4,21960,21588,372,20568,1020,229,143,13.022437059583535,0.9431238615664845,0.12295786758383491,0.3844086021505376,0.04724847137298499,0.18631921824104233,0.7201663708033734,0.16559556874959178,{}
statistical_rule,,True,False,024,3,4727,4472,255,4290,182,164,91,13.022437059583535,0.9268034694309287,0.3333333333333333,0.3568627450980392,0.040697674418604654,0.3446969696969697,0.7020090146971132,0.23115368860546326,{}
statistical_rule,,True,False,025,3,1691,1347,344,1305,42,239,105,13.022437059583535,0.833826138379657,0.7142857142857143,0.30523255813953487,0.031180400890868598,0.42769857433808556,0.5943256763522728,0.38460354145435505,{}
statistical_rule,,True,False,026,5,4017,3579,438,3417,162,315,123,13.022437059583535,0.8812546676624347,0.43157894736842106,0.2808219178082192,0.04526404023470243,0.34024896265560167,0.7055776912762296,0.27447778494650804,{}
statistical_rule,,True,False,027,5,15977,15472,505,13155,2317,238,267,13.022437059583535,0.8400826187644739,0.103328173374613,0.5287128712871287,0.14975439503619442,0.1728714794431855,0.6830178053999816,0.15985249826739373,{}
statistical_rule,,True,False,028,5,27179,26447,732,25306,1141,494,238,13.022437059583535,0.9398432613414769,0.17258883248730963,0.3251366120218579,0.043142889552690286,0.2254855518711511,0.6922380434650103,0.13182216495702934,{}
statistical_rule,,True,False,029,4,7054,6464,590,6243,221,361,229,13.022437059583535,0.9174936206407712,0.5088888888888888,0.38813559322033897,0.03418935643564357,0.4403846153846154,0.7429131618140628,0.30904712209579854,{}
statistical_rule,,True,False,030,4,4534,4036,498,3527,509,323,175,13.022437059583535,0.8164975738861933,0.25584795321637427,0.3514056224899598,0.1261149653121903,0.2961082910321489,0.6153392061805198,0.21177019401375172,{}
statistical_rule,,True,False,031,4,19624,19116,508,18621,495,302,206,13.022437059583535,0.9593864655523848,0.29386590584878747,0.40551181102362205,0.025894538606403013,0.34077750206782464,0.7176648822851945,0.21693561269474995,{}
statistical_rule,,True,False,032,4,7435,7098,337,6667,431,210,127,13.022437059583535,0.9137861466039005,0.22759856630824374,0.3768545994065282,0.06072132995209918,0.2837988826815642,0.6964474884470319,0.14727574022571882,{}
statistical_rule,,True,False,033,5,14454,13969,485,12259,1710,299,186,13.022437059583535,0.8610073336100733,0.0981012658227848,0.3835051546391753,0.12241391652945809,0.15623687526249475,0.6504362753165515,0.08822263980566833,{}
statistical_rule,,True,False,034,5,3996,3492,504,3292,200,303,201,13.022437059583535,0.8741241241241241,0.5012468827930174,0.39880952380952384,0.0572737686139748,0.44419889502762433,0.6822879734176985,0.3426648078119804,{}
statistical_rule,,True,False,035,5,6900,6498,402,6384,114,256,146,13.022437059583535,0.946376811594203,0.5615384615384615,0.36318407960199006,0.017543859649122806,0.44108761329305135,0.7961022067256822,0.3455580049607467,{}
statistical_rule,,True,False,036,5,39515,38721,794,37985,736,475,319,13.022437059583535,0.9693534100974314,0.3023696682464455,0.4017632241813602,0.01900777355956716,0.34505137912385075,0.7043394692652736,0.19550298013770315,{}
statistical_rule,,True,False,037,5,8818,8274,544,8050,224,324,220,13.022437059583535,0.9378543887502835,0.4954954954954955,0.40441176470588236,0.02707275803722504,0.44534412955465585,0.6847115432467403,0.25359365328175876,{}
statistical_rule,,True,False,038,4,9629,9172,457,8767,405,304,153,13.022437059583535,0.9263682625402431,0.27419354838709675,0.3347921225382932,0.04415612734409071,0.30147783251231525,0.6628417188264922,0.1488163102495242,{}
statistical_rule,,True,False,039,5,7130,6683,447,6201,482,259,188,13.022437059583535,0.8960729312762973,0.28059701492537314,0.42058165548098436,0.07212329792009577,0.3366159355416294,0.7259512851232601,0.2432552923082877,{}
isolation_forest,7.0,False,False,020,4,6224,5721,503,5470,251,301,202,0.5293137877261866,0.9113110539845758,0.445916114790287,0.40159045725646125,0.04387344869778011,0.4225941422594142,0.7231722408079055,0.3690729092418623,{}
isolation_forest,7.0,False,False,021,0,0,0,0,0,0,0,0,0.5293137877261866,,,,,,,,"{""accuracy"": ""no_quality_eligible_evaluation_rows"", ""average_precision"": ""no_quality_eligible_evaluation_rows"", ""f1_score"": ""no_quality_eligible_evaluation_rows"", ""false_positive_rate"": ""no_quality_eligible_evaluation_rows"", ""precision"": ""no_quality_eligible_evaluation_rows"", ""recall"": ""no_quality_eligible_evaluation_rows"", ""roc_auc"": ""no_quality_eligible_evaluation_rows""}"
isolation_forest,7.0,False,False,022,5,21688,21140,548,19903,1237,318,230,0.5293137877261866,0.9283013648100332,0.15678254942058623,0.4197080291970803,0.05851466414380321,0.228287841191067,0.7820816126760077,0.21723386740766207,{}
isolation_forest,7.0,False,False,023,4,21960,21588,372,20161,1427,198,174,0.5293137877261866,0.9260018214936248,0.10868207370393504,0.46774193548387094,0.06610153789142116,0.17638114546376077,0.7596977412780099,0.10674082530479173,{}
isolation_forest,7.0,False,False,024,3,4727,4472,255,4214,258,150,105,0.5293137877261866,0.9136873281150836,0.2892561983471074,0.4117647058823529,0.057692307692307696,0.33980582524271846,0.7411462169841103,0.23103022981969587,{}
isolation_forest,7.0,False,False,025,3,1691,1347,344,1267,80,223,121,0.5293137877261866,0.820816085156712,0.6019900497512438,0.35174418604651164,0.05939123979213066,0.44403669724770645,0.6942937362959893,0.45043116041305253,{}
isolation_forest,7.0,False,False,026,5,4017,3579,438,3453,126,267,171,0.5293137877261866,0.9021657953696789,0.5757575757575758,0.3904109589041096,0.03520536462699078,0.46530612244897956,0.7894921670168831,0.37473162322575426,{}
isolation_forest,7.0,False,False,027,5,15977,15472,505,12421,3051,238,267,0.5293137877261866,0.7941415785191213,0.08047016274864376,0.5287128712871287,0.1971949327817994,0.13968087889092337,0.7293140851055115,0.16857030785261076,{}
isolation_forest,7.0,False,False,028,5,27179,26447,732,25941,506,485,247,0.5293137877261866,0.9635380256815924,0.3280212483399734,0.337431693989071,0.01913260483230612,0.33265993265993266,0.7419444260208219,0.27094709547762746,{}
isolation_forest,7.0,False,False,029,4,7054,6464,590,6318,146,364,226,0.5293137877261866,0.9277005954068613,0.6075268817204301,0.38305084745762713,0.022586633663366336,0.4698544698544699,0.8626979673602955,0.47824734527892704,{}
isolation_forest,7.0,False,False,030,4,4534,4036,498,3798,238,310,188,0.5293137877261866,0.8791354212615792,0.4413145539906103,0.37751004016064255,0.058969276511397425,0.4069264069264069,0.7802518299162956,0.3628771484739383,{}
isolation_forest,7.0,False,False,031,4,19624,19116,508,18754,362,311,197,0.5293137877261866,0.9657052588666939,0.35241502683363146,0.38779527559055116,0.018937016112157354,0.3692596063730084,0.8130348613438386,0.28709597430647193,{}
isolation_forest,7.0,False,False,032,4,7435,7098,337,6620,478,190,147,0.5293137877261866,0.9101546738399462,0.2352,0.4362017804154303,0.06734291349675965,0.30561330561330563,0.7945647329920327,0.1907640960142389,{}
isolation_forest,7.0,False,False,033,5,14454,13969,485,12763,1206,266,219,0.5293137877261866,0.8981596789815968,0.15368421052631578,0.4515463917525773,0.08633402534182834,0.2293193717277487,0.7557741626709511,0.15084816093743086,{}
isolation_forest,7.0,False,False,034,5,3996,3492,504,3410,82,281,223,0.5293137877261866,0.9091591591591591,0.7311475409836066,0.44246031746031744,0.023482245131729668,0.5512978986402967,0.8566408593792614,0.5864524698496576,{}
isolation_forest,7.0,False,False,035,5,6900,6498,402,6292,206,220,182,0.5293137877261866,0.9382608695652174,0.4690721649484536,0.4527363184079602,0.0317020621729763,0.4607594936708861,0.8365932341983526,0.43076520508830796,{}
isolation_forest,7.0,False,False,036,5,39515,38721,794,37961,760,478,316,0.5293137877261866,0.9686701252688852,0.2936802973977695,0.3979848866498741,0.019627592262596524,0.33796791443850266,0.6315187568341549,0.20941079229741716,{}
isolation_forest,7.0,False,False,037,5,8818,8274,544,7954,320,330,214,0.5293137877261866,0.9262871399410297,0.40074906367041196,0.39338235294117646,0.0386753686246072,0.3970315398886827,0.8453595111902629,0.33525845718664127,{}
isolation_forest,7.0,False,False,038,4,9629,9172,457,8678,494,269,188,0.5293137877261866,0.9207602035517707,0.2756598240469208,0.4113785557986871,0.0538595726122983,0.3301141352063213,0.7717253347405909,0.22515775593893012,{}
isolation_forest,7.0,False,False,039,5,7130,6683,447,6008,675,238,209,0.5293137877261866,0.8719495091164096,0.23642533936651583,0.46756152125279643,0.10100254376776896,0.3140495867768595,0.7669073186799723,0.22523919611075402,{}
isolation_forest,21.0,False,False,020,4,6224,5721,503,5448,273,302,201,0.5226001235731801,0.9076156812339332,0.4240506329113924,0.3996023856858847,0.04771893025694809,0.41146366427840325,0.7279789190047619,0.37744695515230636,{}
isolation_forest,21.0,False,False,021,0,0,0,0,0,0,0,0,0.5226001235731801,,,,,,,,"{""accuracy"": ""no_quality_eligible_evaluation_rows"", ""average_precision"": ""no_quality_eligible_evaluation_rows"", ""f1_score"": ""no_quality_eligible_evaluation_rows"", ""false_positive_rate"": ""no_quality_eligible_evaluation_rows"", ""precision"": ""no_quality_eligible_evaluation_rows"", ""recall"": ""no_quality_eligible_evaluation_rows"", ""roc_auc"": ""no_quality_eligible_evaluation_rows""}"
isolation_forest,21.0,False,False,022,5,21688,21140,548,19767,1373,306,242,0.5226001235731801,0.9225839173736629,0.1498452012383901,0.4416058394160584,0.06494796594134343,0.22376329172445678,0.7786557206389105,0.2045454955376329,{}
isolation_forest,21.0,False,False,023,4,21960,21588,372,20233,1355,199,173,0.5226001235731801,0.9292349726775956,0.11321989528795812,0.4650537634408602,0.06276635167685751,0.18210526315789474,0.7602083420498446,0.10149936961531063,{}
isolation_forest,21.0,False,False,024,3,4727,4472,255,4221,251,153,102,0.5226001235731801,0.9145335307806219,0.28895184135977336,0.4,0.05612701252236136,0.3355263157894737,0.7553610263425585,0.2192972830729834,{}
isolation_forest,21.0,False,False,025,3,1691,1347,344,1269,78,222,122,0.5226001235731801,0.8225901833234772,0.61,0.3546511627906977,0.05790645879732739,0.4485294117647059,0.6973690457692374,0.45580447052504247,{}
isolation_forest,21.0,False,False,026,5,4017,3579,438,3448,131,263,175,0.5226001235731801,0.9019168533731641,0.5718954248366013,0.3995433789954338,0.03660240290583962,0.47043010752688175,0.7955402583053607,0.3776646723146674,{}
isolation_forest,21.0,False,False,027,5,15977,15472,505,12313,3159,239,266,0.5226001235731801,0.7873192714527133,0.07766423357664233,0.5267326732673268,0.20417528438469493,0.13536895674300253,0.7142871952655452,0.1263916373167651,{}
isolation_forest,21.0,False,False,028,5,27179,26447,732,25896,551,475,257,0.5226001235731801,0.9622502667500644,0.3180693069306931,0.3510928961748634,0.020834121072333345,0.33376623376623377,0.76620678722121,0.2640730880192564,{}
isolation_forest,21.0,False,False,029,4,7054,6464,590,6303,161,359,231,0.5226001235731801,0.9262829600226822,0.5892857142857143,0.39152542372881355,0.024907178217821783,0.47046843177189407,0.8640913429266656,0.47529462205098716,{}
isolation_forest,21.0,False,False,030,4,4534,4036,498,3773,263,305,193,0.5226001235731801,0.8747243052492281,0.4232456140350877,0.38755020080321284,0.0651635282457879,0.40461215932914046,0.7747839723611991,0.3601928064499035,{}
isolation_forest,21.0,False,False,031,4,19624,19116,508,18733,383,306,202,0.5226001235731801,0.9648899306971056,0.3452991452991453,0.39763779527559057,0.0200355722954593,0.3696248856358646,0.8257775158048747,0.27879694912562225,{}
isolation_forest,21.0,False,False,032,4,7435,7098,337,6679,419,188,149,0.5226001235731801,0.9183591123066577,0.2623239436619718,0.4421364985163205,0.059030712876866724,0.3292817679558011,0.7955122561376842,0.19027791283612921,{}
isolation_forest,21.0,False,False,033,5,14454,13969,485,12879,1090,261,224,0.5226001235731801,0.9065310640653106,0.1704718417047184,0.4618556701030928,0.07802992340181832,0.2490272373540856,0.7546329021625942,0.14427558575538946,{}
isolation_forest,21.0,False,False,034,5,3996,3492,504,3416,76,274,230,0.5226001235731801,0.9124124124124124,0.7516339869281046,0.45634920634920634,0.021764032073310423,0.5679012345679012,0.8544027505045546,0.5982200111063776,{}
isolation_forest,21.0,False,False,035,5,6900,6498,402,6267,231,216,186,0.5226001235731801,0.9352173913043478,0.4460431654676259,0.4626865671641791,0.035549399815327794,0.4542124542124542,0.8516269452981322,0.41048765856443536,{}
isolation_forest,21.0,False,False,036,5,39515,38721,794,37405,1316,435,359,0.5226001235731801,0.9556877135265089,0.2143283582089552,0.4521410579345088,0.03398672554944345,0.2908059943296881,0.6202247109513079,0.18496986234030724,{}
isolation_forest,21.0,False,False,037,5,8818,8274,544,7946,328,328,216,0.5226001235731801,0.9256067135404854,0.39705882352941174,0.39705882352941174,0.03964225284022238,0.39705882352941174,0.8524123005801305,0.34390979998466054,{}
isolation_forest,21.0,False,False,038,4,9629,9172,457,8580,592,269,188,0.5226001235731801,0.9105826150171358,0.24102564102564103,0.4113785557986871,0.06454426515481901,0.3039611964430073,0.7617041113616649,0.21780543340822206,{}
isolation_forest,21.0,False,False,039,5,7130,6683,447,6008,675,237,210,0.5226001235731801,0.8720897615708275,0.23728813559322035,0.4697986577181208,0.10100254376776896,0.3153153153153153,0.7596877582808026,0.18313267717107956,{}
isolation_forest,42.0,False,False,020,4,6224,5721,503,5439,282,289,214,0.5185322801154019,0.9082583547557841,0.4314516129032258,0.4254473161033797,0.04929208180388044,0.42842842842842843,0.7160087890764137,0.379604880338304,{}
isolation_forest,42.0,False,False,021,0,0,0,0,0,0,0,0,0.5185322801154019,,,,,,,,"{""accuracy"": ""no_quality_eligible_evaluation_rows"", ""average_precision"": ""no_quality_eligible_evaluation_rows"", ""f1_score"": ""no_quality_eligible_evaluation_rows"", ""false_positive_rate"": ""no_quality_eligible_evaluation_rows"", ""precision"": ""no_quality_eligible_evaluation_rows"", ""recall"": ""no_quality_eligible_evaluation_rows"", ""roc_auc"": ""no_quality_eligible_evaluation_rows""}"
isolation_forest,42.0,False,False,022,5,21688,21140,548,19693,1447,287,261,0.5185322801154019,0.9200479527849502,0.15281030444964872,0.4762773722627737,0.06844843897824031,0.23138297872340424,0.7784425950735105,0.21382639993268535,{}
isolation_forest,42.0,False,False,023,4,21960,21588,372,20298,1290,196,176,0.5185322801154019,0.9323315118397085,0.12005457025920874,0.4731182795698925,0.05975541967759867,0.191512513601741,0.7593003928905147,0.0972524820173814,{}
isolation_forest,42.0,False,False,024,3,4727,4472,255,4225,247,151,104,0.5185322801154019,0.9158028347789295,0.2962962962962963,0.40784313725490196,0.055232558139534885,0.3432343234323432,0.7485035427408889,0.22334800120482995,{}
isolation_forest,42.0,False,False,025,3,1691,1347,344,1271,76,223,121,0.5185322801154019,0.8231815493790656,0.6142131979695431,0.35174418604651164,0.05642167780252413,0.44731977818853974,0.691962975432054,0.4606620103674261,{}
isolation_forest,42.0,False,False,026,5,4017,3579,438,3444,135,270,168,0.5185322801154019,0.8991784914115011,0.5544554455445545,0.3835616438356164,0.037720033528918694,0.4534412955465587,0.7936379897448459,0.36837073956464195,{}
isolation_forest,42.0,False,False,027,5,15977,15472,505,12359,3113,232,273,0.5185322801154019,0.7906365400262878,0.08062610750147667,0.5405940594059406,0.2012021716649431,0.14032382420971473,0.7201086984344763,0.16638003906261437,{}
isolation_forest,42.0,False,False,028,5,27179,26447,732,25600,847,421,311,0.5185322801154019,0.9533463335663563,0.26856649395509496,0.4248633879781421,0.03202631678451242,0.3291005291005291,0.7154463840558734,0.2653536219855126,{}
isolation_forest,42.0,False,False,029,4,7054,6464,590,6311,153,339,251,0.5185322801154019,0.9302523390983839,0.6212871287128713,0.42542372881355933,0.023669554455445545,0.5050301810865191,0.8403568918862225,0.4749668731293844,{}
isolation_forest,42.0,False,False,030,4,4534,4036,498,3767,269,299,199,0.5185322801154019,0.8747243052492281,0.4252136752136752,0.39959839357429716,0.06665014866204162,0.41200828157349895,0.7701882853515151,0.36466326612625183,{}
isolation_forest,42.0,False,False,031,4,19624,19116,508,18727,389,300,208,0.5185322801154019,0.9648899306971056,0.34840871021775544,0.4094488188976378,0.020349445490688428,0.3764705882352941,0.7639077336378151,0.28809527248348027,{}
isolation_forest,42.0,False,False,032,4,7435,7098,337,6660,438,197,140,0.5185322801154019,0.9145931405514459,0.2422145328719723,0.41543026706231456,0.06170752324598478,0.30601092896174864,0.7944531121317242,0.18694022700099974,{}
isolation_forest,42.0,False,False,033,5,14454,13969,485,12840,1129,265,220,0.5185322801154019,0.903556109035561,0.16308376575240918,0.4536082474226804,0.08082181974371823,0.23991275899672845,0.7603481346398099,0.14299553043147675,{}
isolation_forest,42.0,False,False,034,5,3996,3492,504,3426,66,275,229,0.5185322801154019,0.9146646646646647,0.7762711864406779,0.45436507936507936,0.018900343642611683,0.5732165206508135,0.8519492968053964,0.5955424041450451,{}
isolation_forest,42.0,False,False,035,5,6900,6498,402,6263,235,219,183,0.5185322801154019,0.9342028985507247,0.43779904306220097,0.4552238805970149,0.036164973838104034,0.44634146341463415,0.8473964051702093,0.4225877900918012,{}
isolation_forest,42.0,False,False,036,5,39515,38721,794,37415,1306,411,383,0.5185322801154019,0.956548146273567,0.22676139727649497,0.482367758186398,0.03372846775651455,0.3084977849375755,0.6077428093256694,0.21186599202455073,{}
isolation_forest,42.0,False,False,037,5,8818,8274,544,7926,348,310,234,0.5185322801154019,0.925379904740304,0.4020618556701031,0.43014705882352944,0.04205946337926034,0.41563055062166965,0.8413620048273115,0.3470929926976984,{}
isolation_forest,42.0,False,False,038,4,9629,9172,457,8603,569,260,197,0.5185322801154019,0.9139059092325268,0.25718015665796345,0.4310722100656455,0.06203663323157436,0.3221586263286999,0.7616552040698502,0.23868711301282228,{}
isolation_forest,42.0,False,False,039,5,7130,6683,447,6034,649,234,213,0.5185322801154019,0.8761570827489481,0.2470997679814385,0.47651006711409394,0.09711207541523267,0.3254392666157372,0.767630546771149,0.21036343439595462,{}
isolation_forest,100.0,False,False,020,4,6224,5721,503,5398,323,298,205,0.5256011374090075,0.9002249357326478,0.38825757575757575,0.40755467196819084,0.05645866107323894,0.3976721629485936,0.7099980088008915,0.3437495167935263,{}
isolation_forest,100.0,False,False,021,0,0,0,0,0,0,0,0,0.5256011374090075,,,,,,,,"{""accuracy"": ""no_quality_eligible_evaluation_rows"", ""average_precision"": ""no_quality_eligible_evaluation_rows"", ""f1_score"": ""no_quality_eligible_evaluation_rows"", ""false_positive_rate"": ""no_quality_eligible_evaluation_rows"", ""precision"": ""no_quality_eligible_evaluation_rows"", ""recall"": ""no_quality_eligible_evaluation_rows"", ""roc_auc"": ""no_quality_eligible_evaluation_rows""}"
isolation_forest,100.0,False,False,022,5,21688,21140,548,19772,1368,314,234,0.5256011374090075,0.9224455920324603,0.14606741573033707,0.42700729927007297,0.06471144749290444,0.21767441860465117,0.775053648253907,0.18828230981271746,{}
isolation_forest,100.0,False,False,023,4,21960,21588,372,20304,1284,197,175,0.5256011374090075,0.9325591985428051,0.11994516792323509,0.47043010752688175,0.05947748749305169,0.19115237575095576,0.7655176312606964,0.10264731585748874,{}
isolation_forest,100.0,False,False,024,3,4727,4472,255,4229,243,153,102,0.5256011374090075,0.9162259361116988,0.2956521739130435,0.4,0.05433810375670841,0.34,0.7466821880809569,0.21775535132903795,{}
isolation_forest,100.0,False,False,025,3,1691,1347,344,1261,86,222,122,0.5256011374090075,0.81785925487877,0.5865384615384616,0.3546511627906977,0.06384558277654045,0.4420289855072464,0.7079955888192537,0.44222815464481957,{}
isolation_forest,100.0,False,False,026,5,4017,3579,438,3450,129,262,176,0.5256011374090075,0.9026636793627085,0.5770491803278689,0.4018264840182648,0.03604358759430008,0.4737550471063257,0.7962177261830491,0.3833455543039014,{}
isolation_forest,100.0,False,False,027,5,15977,15472,505,12198,3274,238,267,0.5256011374090075,0.7801840145208737,0.07540242869245976,0.5287128712871287,0.21160806618407446,0.13198220464656452,0.704460756959874,0.1352546111564407,{}
isolation_forest,100.0,False,False,028,5,27179,26447,732,25866,581,480,252,0.5256011374090075,0.9609625078185363,0.3025210084033613,0.3442622950819672,0.021968465232351495,0.32204472843450477,0.7295146277708524,0.252267265245543,{}
isolation_forest,100.0,False,False,029,4,7054,6464,590,6304,160,363,227,0.5256011374090075,0.9258576694074284,0.58656330749354,0.3847457627118644,0.024752475247524754,0.4646878198567042,0.8362754866588353,0.4457335346655209,{}
isolation_forest,100.0,False,False,030,4,4534,4036,498,3787,249,308,190,0.5256011374090075,0.8771504190560212,0.4328018223234624,0.3815261044176707,0.061694747274529234,0.4055496264674493,0.7788487945836864,0.3484664451603491,{}
isolation_forest,100.0,False,False,031,4,19624,19116,508,18721,395,309,199,0.5256011374090075,0.9641255605381166,0.335016835016835,0.39173228346456695,0.020663318685917555,0.36116152450090744,0.8002355696592539,0.2545203376485601,{}
isolation_forest,100.0,False,False,032,4,7435,7098,337,6679,419,188,149,0.5256011374090075,0.9183591123066577,0.2623239436619718,0.4421364985163205,0.059030712876866724,0.3292817679558011,0.7972854392050922,0.19508759706956272,{}
isolation_forest,100.0,False,False,033,5,14454,13969,485,12906,1063,260,225,0.5256011374090075,0.9084682440846824,0.17468944099378883,0.4639175257731959,0.07609707208819529,0.25380710659898476,0.7583663531841124,0.15018574529316592,{}
isolation_forest,100.0,False,False,034,5,3996,3492,504,3404,88,274,230,0.5256011374090075,0.9094094094094094,0.7232704402515723,0.45634920634920634,0.025200458190148912,0.559610705596107,0.8566601779123257,0.5852068497587871,{}
isolation_forest,100.0,False,False,035,5,6900,6498,402,6245,253,215,187,0.5256011374090075,0.9321739130434783,0.425,0.4651741293532338,0.03893505694059711,0.44418052256532065,0.8436229517233775,0.40396143172549465,{}
isolation_forest,100.0,False,False,036,5,39515,38721,794,37785,936,459,335,0.5256011374090075,0.9646969505251171,0.26357199055861524,0.42191435768261965,0.02417292941814519,0.324455205811138,0.6090322280355163,0.17439478221633864,{}
isolation_forest,100.0,False,False,037,5,8818,8274,544,7930,344,323,221,0.5256011374090075,0.9243592651394874,0.3911504424778761,0.40625,0.04157602127145275,0.3985572587917042,0.858261372442378,0.31290325807914543,{}
isolation_forest,100.0,False,False,038,4,9629,9172,457,8597,575,270,187,0.5256011374090075,0.9122442621248312,0.24540682414698162,0.40919037199124725,0.06269079808111644,0.30680885972108285,0.763611615028519,0.20832931593107104,{}
isolation_forest,100.0,False,False,039,5,7130,6683,447,6001,682,235,212,0.5256011374090075,0.8713884992987377,0.2371364653243848,0.4742729306487696,0.10204997755499028,0.3161819537658464,0.763647352576791,0.19155863938675974,{}
isolation_forest,2026.0,False,False,020,4,6224,5721,503,5441,280,293,210,0.5226903290175668,0.9079370179948586,0.42857142857142855,0.41749502982107356,0.048942492571228804,0.4229607250755287,0.7373359910455115,0.37445028325614976,{}
isolation_forest,2026.0,False,False,021,0,0,0,0,0,0,0,0,0.5226903290175668,,,,,,,,"{""accuracy"": ""no_quality_eligible_evaluation_rows"", ""average_precision"": ""no_quality_eligible_evaluation_rows"", ""f1_score"": ""no_quality_eligible_evaluation_rows"", ""false_positive_rate"": ""no_quality_eligible_evaluation_rows"", ""precision"": ""no_quality_eligible_evaluation_rows"", ""recall"": ""no_quality_eligible_evaluation_rows"", ""roc_auc"": ""no_quality_eligible_evaluation_rows""}"
isolation_forest,2026.0,False,False,022,5,21688,21140,548,19780,1360,295,253,0.5226903290175668,0.9236905201032829,0.1568505889646621,0.46167883211678834,0.06433301797540208,0.23415085608514577,0.7818048688272139,0.20893256901859894,{}
isolation_forest,2026.0,False,False,023,4,21960,21588,372,20232,1356,199,173,0.5226903290175668,0.9291894353369763,0.1131458469587966,0.4650537634408602,0.06281267370761534,0.18200946870068385,0.760474755987496,0.09812625666682746,{}
isolation_forest,2026.0,False,False,024,3,4727,4472,255,4234,238,149,106,0.5226903290175668,0.9181298921091602,0.3081395348837209,0.41568627450980394,0.053220035778175315,0.35392320534223703,0.748546511627907,0.22043419864217367,{}
isolation_forest,2026.0,False,False,025,3,1691,1347,344,1276,71,223,121,0.5226903290175668,0.8261383796570076,0.6302083333333334,0.35174418604651164,0.05270972531551596,0.45149253731343286,0.6866756012499784,0.4530199811771787,{}
isolation_forest,2026.0,False,False,026,5,4017,3579,438,3448,131,266,172,0.5226903290175668,0.9011700273836196,0.5676567656765676,0.3926940639269406,0.03660240290583962,0.4642375168690958,0.7830555842618215,0.3624689369122666,{}
isolation_forest,2026.0,False,False,027,5,15977,15472,505,12344,3128,231,274,0.5226903290175668,0.7897602804030794,0.0805408583186361,0.5425742574257426,0.20217166494312305,0.1402610698745841,0.7170477233866096,0.14567099066902875,{}
isolation_forest,2026.0,False,False,028,5,27179,26447,732,25838,609,468,264,0.5226903290175668,0.9603738180212664,0.3024054982817869,0.36065573770491804,0.023027186448368434,0.32897196261682243,0.7382020717380735,0.2534043926220431,{}
isolation_forest,2026.0,False,False,029,4,7054,6464,590,6308,156,356,234,0.5226903290175668,0.9274170683300255,0.6,0.39661016949152544,0.024133663366336634,0.4775510204081633,0.8447977848632321,0.4648363107600599,{}
isolation_forest,2026.0,False,False,030,4,4534,4036,498,3769,267,305,193,0.5226903290175668,0.8738420820467578,0.41956521739130437,0.38755020080321284,0.06615460852329039,0.40292275574112735,0.7736277120374462,0.3569162476311746,{}
isolation_forest,2026.0,False,False,031,4,19624,19116,508,18726,390,307,201,0.5226903290175668,0.9644822666123114,0.3401015228426396,0.3956692913385827,0.020401757689893284,0.36578707916287534,0.8022158129480519,0.2627927004516297,{}
isolation_forest,2026.0,False,False,032,4,7435,7098,337,6673,425,190,147,0.5226903290175668,0.9172831203765972,0.256993006993007,0.4362017804154303,0.059876021414482956,0.3234323432343234,0.7959656374972514,0.1871497227668935,{}
isolation_forest,2026.0,False,False,033,5,14454,13969,485,12834,1135,266,219,0.5226903290175668,0.9030718140307181,0.16174298375184637,0.4515463917525773,0.08125134225785668,0.23817292006525284,0.7568847957148119,0.13758283629955806,{}
isolation_forest,2026.0,False,False,034,5,3996,3492,504,3427,65,281,223,0.5226903290175668,0.9134134134134134,0.7743055555555556,0.44246031746031744,0.01861397479954181,0.5631313131313131,0.8566857465590283,0.5932864615062649,{}
isolation_forest,2026.0,False,False,035,5,6900,6498,402,6270,228,217,185,0.5226903290175668,0.9355072463768116,0.44794188861985473,0.4601990049751244,0.03508771929824561,0.4539877300613497,0.8427864907533739,0.41543930408593566,{}
isolation_forest,2026.0,False,False,036,5,39515,38721,794,37855,866,452,342,0.5226903290175668,0.9666455776287486,0.28311258278145696,0.43073047858942065,0.02236512486764288,0.34165834165834164,0.625282335290563,0.19053162826052353,{}
isolation_forest,2026.0,False,False,037,5,8818,8274,544,7959,315,325,219,0.5226903290175668,0.927421183941937,0.4101123595505618,0.4025735294117647,0.03807106598984772,0.40630797773654914,0.8374931349443332,0.3464238054573887,{}
isolation_forest,2026.0,False,False,038,4,9629,9172,457,8645,527,268,189,0.5226903290175668,0.9174369093363797,0.2639664804469274,0.4135667396061269,0.05745747928477976,0.32225063938618925,0.7502708986822229,0.22554268583282897,{}
isolation_forest,2026.0,False,False,039,5,7130,6683,447,6016,667,235,212,0.5226903290175668,0.8734922861150071,0.24118316268486917,0.4742729306487696,0.09980547658237318,0.31975867269984914,0.7627003438890155,0.18304703555420446,{}
autoencoder,7.0,False,True,020,4,6224,5721,503,4562,1159,237,266,0.03644596412777901,0.775706940874036,0.18666666666666668,0.5288270377733598,0.2025869603216221,0.27593360995850624,0.7614307165224004,0.3530650396215366,{}
autoencoder,7.0,False,True,021,0,0,0,0,0,0,0,0,0.03644596412777901,,,,,,,,"{""accuracy"": ""no_quality_eligible_evaluation_rows"", ""average_precision"": ""no_quality_eligible_evaluation_rows"", ""f1_score"": ""no_quality_eligible_evaluation_rows"", ""false_positive_rate"": ""no_quality_eligible_evaluation_rows"", ""precision"": ""no_quality_eligible_evaluation_rows"", ""recall"": ""no_quality_eligible_evaluation_rows"", ""roc_auc"": ""no_quality_eligible_evaluation_rows""}"
autoencoder,7.0,False,True,022,5,21688,21140,548,19641,1499,271,277,0.03644596412777901,0.9183880486905202,0.15596846846846846,0.5054744525547445,0.07090823084200568,0.23838209982788297,0.8309483958179394,0.25051868528337157,{}
autoencoder,7.0,False,True,023,4,21960,21588,372,20175,1413,186,186,0.03644596412777901,0.9271857923497268,0.11632270168855535,0.5,0.06545302946081157,0.1887366818873668,0.8136754837912739,0.2357304973721535,{}
autoencoder,7.0,False,True,024,3,4727,4472,255,4292,180,130,125,0.03644596412777901,0.9344192934207742,0.4098360655737705,0.49019607843137253,0.04025044722719141,0.44642857142857145,0.8411611245571573,0.35977969147840755,{}
autoencoder,7.0,False,True,025,3,1691,1347,344,1209,138,229,115,0.03644596412777901,0.7829686575990538,0.45454545454545453,0.33430232558139533,0.10244988864142539,0.3852596314907873,0.7151885758187877,0.5042628255927597,{}
autoencoder,7.0,False,True,026,5,4017,3579,438,3415,164,266,172,0.03644596412777901,0.8929549414986309,0.5119047619047619,0.3926940639269406,0.045822855546241964,0.4444444444444444,0.8193607178352668,0.41832147462863495,{}
autoencoder,7.0,False,True,027,5,15977,15472,505,13595,1877,227,278,0.03644596412777901,0.8683106966264005,0.12900232018561486,0.5504950495049505,0.12131592554291623,0.20902255639097744,0.8057585341005664,0.15698419741399158,{}
autoencoder,7.0,False,True,028,5,27179,26447,732,24791,1656,379,353,0.03644596412777901,0.9251260164097281,0.1757093081134893,0.4822404371584699,0.06261579763300185,0.25757022984312294,0.8013094701620997,0.3167384238689151,{}
autoencoder,7.0,False,True,029,4,7054,6464,590,6170,294,314,276,0.03644596412777901,0.9138077686419053,0.4842105263157895,0.46779661016949153,0.04548267326732673,0.47586206896551725,0.8491153087766404,0.491326934853384,{}
autoencoder,7.0,False,True,030,4,4534,4036,498,3501,535,313,185,0.03644596412777901,0.8129686810763123,0.2569444444444444,0.3714859437751004,0.1325569871159564,0.30377668308702793,0.7381179823356857,0.3209810900581786,{}
autoencoder,7.0,False,True,031,4,19624,19116,508,18500,616,284,224,0.03644596412777901,0.9541377904606604,0.26666666666666666,0.4409448818897638,0.03222431471019042,0.3323442136498516,0.7671713249238384,0.3223375561902773,{}
autoencoder,7.0,False,True,032,4,7435,7098,337,6313,785,172,165,0.03644596412777901,0.8712844653665097,0.1736842105263158,0.4896142433234421,0.11059453367145675,0.2564102564102564,0.7832494295630565,0.18216828702784463,{}
autoencoder,7.0,False,True,033,5,14454,13969,485,12702,1267,240,245,0.03644596412777901,0.895738203957382,0.16203703703703703,0.5051546391752577,0.09070083756890257,0.24536805207811718,0.8098131134256783,0.1864395857492707,{}
autoencoder,7.0,False,True,034,5,3996,3492,504,3183,309,270,234,0.03644596412777901,0.8551051051051051,0.430939226519337,0.4642857142857143,0.08848797250859107,0.4469914040114613,0.8293744545355368,0.47641386573698163,{}
autoencoder,7.0,False,True,035,5,6900,6498,402,6081,417,200,202,0.03644596412777901,0.9105797101449276,0.3263327948303716,0.5024875621890548,0.0641735918744229,0.395690499510284,0.7044714485436775,0.38641027518085497,{}
autoencoder,7.0,False,True,036,5,39515,38721,794,37322,1399,426,368,0.03644596412777901,0.9538150069593825,0.2082625919637804,0.4634760705289673,0.036130265230753335,0.2873877391643889,0.8842813671165751,0.25453127899260425,{}
autoencoder,7.0,False,True,037,5,8818,8274,544,7601,673,334,210,0.03644596412777901,0.8858017691086414,0.23782559456398641,0.3860294117647059,0.08133913463862702,0.29432375613174494,0.8255959268225057,0.27895952573105026,{}
autoencoder,7.0,False,True,038,4,9629,9172,457,8453,719,280,177,0.03644596412777901,0.8962509087132621,0.19754464285714285,0.387308533916849,0.07839075447012647,0.2616407982261641,0.73662373640258,0.2983405427778101,{}
autoencoder,7.0,False,True,039,5,7130,6683,447,6233,450,223,224,0.03644596412777901,0.9056100981767181,0.3323442136498516,0.5011185682326622,0.06733502917851264,0.39964317573595004,0.8442244353682472,0.4190469235426754,{}
autoencoder,21.0,False,True,020,4,6224,5721,503,4486,1235,209,294,0.030056439340114594,0.7679948586118251,0.19228253760627861,0.584493041749503,0.2158713511623842,0.28937007874015747,0.7619936733383998,0.3580494031840217,{}
autoencoder,21.0,False,True,021,0,0,0,0,0,0,0,0,0.030056439340114594,,,,,,,,"{""accuracy"": ""no_quality_eligible_evaluation_rows"", ""average_precision"": ""no_quality_eligible_evaluation_rows"", ""f1_score"": ""no_quality_eligible_evaluation_rows"", ""false_positive_rate"": ""no_quality_eligible_evaluation_rows"", ""precision"": ""no_quality_eligible_evaluation_rows"", ""recall"": ""no_quality_eligible_evaluation_rows"", ""roc_auc"": ""no_quality_eligible_evaluation_rows""}"
autoencoder,21.0,False,True,022,5,21688,21140,548,19736,1404,264,284,0.030056439340114594,0.9230911102914053,0.16824644549763032,0.5182481751824818,0.06641438032166509,0.25402504472271914,0.8585884250978876,0.2475359584663504,{}
autoencoder,21.0,False,True,023,4,21960,21588,372,20443,1145,188,184,0.030056439340114594,0.9392987249544626,0.1384499623777276,0.4946236559139785,0.053038725217713543,0.21634332745443857,0.8468531402352162,0.2016133918173471,{}
autoencoder,21.0,False,True,024,3,4727,4472,255,4304,168,137,118,0.030056439340114594,0.9354770467526973,0.4125874125874126,0.4627450980392157,0.03756708407871199,0.43622920517560076,0.8534861798028692,0.33582340789828585,{}
autoencoder,21.0,False,True,025,3,1691,1347,344,1199,148,225,119,0.030056439340114594,0.7794204612655233,0.44569288389513106,0.34593023255813954,0.10987379361544172,0.3895253682487725,0.7337893423801384,0.47902257849202723,{}
autoencoder,21.0,False,True,026,5,4017,3579,438,3445,134,282,156,0.030056439340114594,0.8964401294498382,0.5379310344827586,0.3561643835616438,0.037440625873148926,0.42857142857142855,0.8293192404704766,0.4219746691738182,{}
autoencoder,21.0,False,True,027,5,15977,15472,505,13387,2085,230,275,0.030056439340114594,0.8551042123051887,0.11652542372881355,0.5445544554455446,0.1347595656670114,0.19197207678883071,0.8097237936048,0.19225738526070943,{}
autoencoder,21.0,False,True,028,5,27179,26447,732,24336,2111,349,383,0.030056439340114594,0.909488943669745,0.15356856455493184,0.523224043715847,0.07982001739327713,0.23744575325480471,0.8320871302353133,0.23275022576875004,{}
autoencoder,21.0,False,True,029,4,7054,6464,590,5912,552,288,302,0.030056439340114594,0.8809186277289481,0.35362997658079626,0.511864406779661,0.0853960396039604,0.4182825484764543,0.8280172323376406,0.4019006038242757,{}
autoencoder,21.0,False,True,030,4,4534,4036,498,3501,535,294,204,0.030056439340114594,0.8171592412880458,0.27604871447902574,0.40963855421686746,0.1325569871159564,0.32983023443815684,0.7671961383691356,0.34926813438102006,{}
autoencoder,21.0,False,True,031,4,19624,19116,508,17835,1281,272,236,0.030056439340114594,0.9208622095393396,0.15557020435069216,0.4645669291338583,0.06701192718141871,0.23308641975308642,0.8235756665068469,0.23768338593955632,{}
autoencoder,21.0,False,True,032,4,7435,7098,337,6513,585,180,157,0.030056439340114594,0.8971082716879624,0.21159029649595687,0.4658753709198813,0.08241758241758242,0.29101019462465244,0.8006961462793465,0.17469360361981973,{}
autoencoder,21.0,False,True,033,5,14454,13969,485,12834,1135,259,226,0.030056439340114594,0.903556109035561,0.16605437178545188,0.465979381443299,0.08125134225785668,0.24485373781148428,0.8221151695986622,0.17040303947694532,{}
autoencoder,21.0,False,True,034,5,3996,3492,504,3084,408,271,233,0.030056439340114594,0.83008008008008,0.36349453978159124,0.4623015873015873,0.11683848797250859,0.4069868995633188,0.8167526341388025,0.48559807876096855,{}
autoencoder,21.0,False,True,035,5,6900,6498,402,5722,776,227,175,0.030056439340114594,0.8546376811594203,0.18401682439537329,0.43532338308457713,0.11942136041859033,0.2586844050258684,0.6692478282640353,0.3248564902493976,{}
autoencoder,21.0,False,True,036,5,39515,38721,794,36359,2362,414,380,0.030056439340114594,0.929748196887258,0.13858497447118892,0.47858942065491183,0.061000490689806564,0.2149321266968326,0.9046582322403695,0.19537268725096776,{}
autoencoder,21.0,False,True,037,5,8818,8274,544,7538,736,352,192,0.030056439340114594,0.8766160127012929,0.20689655172413793,0.35294117647058826,0.08895334783659657,0.2608695652173913,0.824000301262637,0.2440566096858928,{}
autoencoder,21.0,False,True,038,4,9629,9172,457,8435,737,296,161,0.030056439340114594,0.8927199086094091,0.17928730512249444,0.3522975929978118,0.08035324901875272,0.23763837638376384,0.7222571597889496,0.2833303211493561,{}
autoencoder,21.0,False,True,039,5,7130,6683,447,6109,574,223,224,0.030056439340114594,0.888218793828892,0.2807017543859649,0.5011185682326622,0.08588957055214724,0.3598393574297189,0.8263216528900168,0.3397015883944436,{}
autoencoder,42.0,False,True,020,4,6224,5721,503,5103,618,312,191,0.14424675703048706,0.8505784061696658,0.2360939431396786,0.3797216699801193,0.108023072889355,0.29115853658536583,0.7665122705473157,0.33527350240645165,{}
autoencoder,42.0,False,True,021,0,0,0,0,0,0,0,0,0.14424675703048706,,,,,,,,"{""accuracy"": ""no_quality_eligible_evaluation_rows"", ""average_precision"": ""no_quality_eligible_evaluation_rows"", ""f1_score"": ""no_quality_eligible_evaluation_rows"", ""false_positive_rate"": ""no_quality_eligible_evaluation_rows"", ""precision"": ""no_quality_eligible_evaluation_rows"", ""recall"": ""no_quality_eligible_evaluation_rows"", ""roc_auc"": ""no_quality_eligible_evaluation_rows""}"
autoencoder,42.0,False,True,022,5,21688,21140,548,19478,1662,341,207,0.14424675703048706,0.9076447805237919,0.11075441412520064,0.3777372262773723,0.07861873226111636,0.17128671907323129,0.7634083948511489,0.17488419544481268,{}
autoencoder,42.0,False,True,023,4,21960,21588,372,20781,807,272,100,0.14424675703048706,0.9508652094717669,0.11025358324145534,0.26881720430107525,0.03738187882156754,0.1563721657544957,0.7450903628260224,0.13590040469855955,{}
autoencoder,42.0,False,True,024,3,4727,4472,255,4311,161,192,63,0.14424675703048706,0.9253226147662366,0.28125,0.24705882352941178,0.03600178890876565,0.2630480167014614,0.7897115823073416,0.24938075442936924,{}
autoencoder,42.0,False,True,025,3,1691,1347,344,1275,72,249,95,0.14424675703048706,0.8101714961561206,0.5688622754491018,0.2761627906976744,0.053452115812917596,0.37181996086105673,0.7347604927401115,0.46108495076039957,{}
autoencoder,42.0,False,True,026,5,4017,3579,438,3439,140,358,80,0.14424675703048706,0.8760268857356236,0.36363636363636365,0.182648401826484,0.03911707180776753,0.24316109422492402,0.7502085988662939,0.29581979157464916,{}
autoencoder,42.0,False,True,027,5,15977,15472,505,13875,1597,293,212,0.14424675703048706,0.8817049508668712,0.11719181868435599,0.4198019801980198,0.10321871768355739,0.18323249783923942,0.7585536184176846,0.20173503851513983,{}
autoencoder,42.0,False,True,028,5,27179,26447,732,24862,1585,510,222,0.14424675703048706,0.9229184296699657,0.12285556170448257,0.30327868852459017,0.0599311831209589,0.17487199684915322,0.6994273886467646,0.17313847157434722,{}
autoencoder,42.0,False,True,029,4,7054,6464,590,6170,294,431,159,0.14424675703048706,0.8972214346470088,0.3509933774834437,0.26949152542372884,0.04548267326732673,0.30488974113135187,0.7780715094814565,0.31350297387606174,{}
autoencoder,42.0,False,True,030,4,4534,4036,498,3558,478,346,152,0.14424675703048706,0.8182620202911337,0.24126984126984127,0.30522088353413657,0.11843409316154609,0.2695035460992908,0.7095045195648799,0.2652902161601755,{}
autoencoder,42.0,False,True,031,4,19624,19116,508,18462,654,371,137,0.14424675703048706,0.9477680391357521,0.1731984829329962,0.26968503937007876,0.03421217827997489,0.21093148575827558,0.7087858132611013,0.1906353346575653,{}
autoencoder,42.0,False,True,032,4,7435,7098,337,6667,431,257,80,0.14424675703048706,0.9074646940147949,0.15655577299412915,0.23738872403560832,0.06072132995209918,0.18867924528301888,0.7469768305194008,0.13610176919025385,{}
autoencoder,42.0,False,True,033,5,14454,13969,485,12764,1205,354,131,0.14424675703048706,0.8921405839214058,0.09805389221556886,0.27010309278350514,0.0862624382561386,0.14387699066447007,0.7312214159039936,0.10997160865942317,{}
autoencoder,42.0,False,True,034,5,3996,3492,504,3198,294,336,168,0.14424675703048706,0.8423423423423423,0.36363636363636365,0.3333333333333333,0.08419243986254296,0.34782608695652173,0.7457905484645176,0.369719820472463,{}
autoencoder,42.0,False,True,035,5,6900,6498,402,6339,159,263,139,0.14424675703048706,0.9388405797101449,0.4664429530201342,0.34577114427860695,0.024469067405355493,0.39714285714285713,0.7032387692194614,0.31975275933114666,{}
autoencoder,42.0,False,True,036,5,39515,38721,794,37364,1357,573,221,0.14424675703048706,0.9511577881817032,0.14005069708491763,0.2783375314861461,0.03504558250045195,0.18634064080944351,0.6835533436024959,0.12436392062913565,{}
autoencoder,42.0,False,True,037,5,8818,8274,544,7775,499,387,157,0.14424675703048706,0.8995237015196189,0.23932926829268292,0.28860294117647056,0.06030940294899686,0.26166666666666666,0.7979288638044051,0.19348506606802085,{}
autoencoder,42.0,False,True,038,4,9629,9172,457,8730,442,323,134,0.14424675703048706,0.9205524976633087,0.2326388888888889,0.29321663019693656,0.0481901439162669,0.25943852855759925,0.7263668037343222,0.263255511583024,{}
autoencoder,42.0,False,True,039,5,7130,6683,447,6486,197,329,118,0.14424675703048706,0.9262272089761571,0.3746031746031746,0.2639821029082774,0.02947777944037109,0.30971128608923887,0.7774035826988978,0.31462512223625494,{}
autoencoder,100.0,False,True,020,4,6224,5721,503,5189,532,372,131,0.18177686631679535,0.8547557840616966,0.1975867269984917,0.26043737574552683,0.09299073588533473,0.22469982847341338,0.7204961109066628,0.27898782232214125,{}
autoencoder,100.0,False,True,021,0,0,0,0,0,0,0,0,0.18177686631679535,,,,,,,,"{""accuracy"": ""no_quality_eligible_evaluation_rows"", ""average_precision"": ""no_quality_eligible_evaluation_rows"", ""f1_score"": ""no_quality_eligible_evaluation_rows"", ""false_positive_rate"": ""no_quality_eligible_evaluation_rows"", ""precision"": ""no_quality_eligible_evaluation_rows"", ""recall"": ""no_quality_eligible_evaluation_rows"", ""roc_auc"": ""no_quality_eligible_evaluation_rows""}"
autoencoder,100.0,False,True,022,5,21688,21140,548,19507,1633,376,172,0.18177686631679535,0.9073681298413869,0.09529085872576178,0.31386861313868614,0.0772469252601703,0.14619634509137272,0.761164318170832,0.18326501506306783,{}
autoencoder,100.0,False,True,023,4,21960,21588,372,20632,956,295,77,0.18177686631679535,0.9430327868852459,0.07454017424975799,0.20698924731182797,0.044283861404483975,0.10960854092526691,0.8046616150748822,0.1602582330603681,{}
autoencoder,100.0,False,True,024,3,4727,4472,255,4223,249,208,47,0.18177686631679535,0.9033213454622382,0.15878378378378377,0.1843137254901961,0.05567978533094812,0.1705989110707804,0.8169687642498861,0.20376939698619337,{}
autoencoder,100.0,False,True,025,3,1691,1347,344,1272,75,257,87,0.18177686631679535,0.8036664695446482,0.5370370370370371,0.25290697674418605,0.0556792873051225,0.3438735177865613,0.7134879836328792,0.4200593755266371,{}
autoencoder,100.0,False,True,026,5,4017,3579,438,3414,165,376,62,0.18177686631679535,0.8653223798854867,0.27312775330396477,0.1415525114155251,0.04610226320201174,0.18646616541353384,0.8246713770459594,0.3207257299302635,{}
autoencoder,100.0,False,True,027,5,15977,15472,505,13096,2376,298,207,0.18177686631679535,0.8326344119672029,0.08013937282229965,0.4099009900990099,0.15356773526370218,0.13406735751295337,0.7295212942959239,0.12316668450579746,{}
autoencoder,100.0,False,True,028,5,27179,26447,732,25280,1167,544,188,0.18177686631679535,0.9370469848044446,0.13874538745387455,0.2568306010928962,0.04412598782470602,0.18016291327264014,0.7434817826187482,0.17894851546228616,{}
autoencoder,100.0,False,True,029,4,7054,6464,590,6216,248,459,131,0.18177686631679535,0.8997731783385313,0.34564643799472294,0.22203389830508474,0.038366336633663366,0.27038183694530443,0.7754229421882867,0.30206187746771146,{}
autoencoder,100.0,False,True,030,4,4534,4036,498,3630,406,372,126,0.18177686631679535,0.8284075871195412,0.23684210526315788,0.25301204819277107,0.10059464816650149,0.2446601941747573,0.7297898233170542,0.27646843861117076,{}
autoencoder,100.0,False,True,031,4,19624,19116,508,18538,578,389,119,0.18177686631679535,0.9507236037505096,0.17073170731707318,0.234251968503937,0.03023645114040594,0.1975103734439834,0.7410277369989768,0.17880889056602237,{}
autoencoder,100.0,False,True,032,4,7435,7098,337,6777,321,288,49,0.18177686631679535,0.9180901143241426,0.13243243243243244,0.14540059347181009,0.0452240067624683,0.13861386138613863,0.8236336059892325,0.14300569263638382,{}
autoencoder,100.0,False,True,033,5,14454,13969,485,12929,1040,404,81,0.18177686631679535,0.9000968590009686,0.07225691347011597,0.1670103092783505,0.07445056911733124,0.10087173100871731,0.7898140433197811,0.1113706652894286,{}
autoencoder,100.0,False,True,034,5,3996,3492,504,3291,201,362,142,0.18177686631679535,0.8591091091091091,0.4139941690962099,0.28174603174603174,0.05756013745704467,0.33530106257378983,0.7729933157875597,0.37912181955816565,{}
autoencoder,100.0,False,True,035,5,6900,6498,402,6246,252,280,122,0.18177686631679535,0.9228985507246377,0.32620320855614976,0.3034825870646766,0.038781163434903045,0.31443298969072164,0.7599592450183676,0.28736664176366616,{}
autoencoder,100.0,False,True,036,5,39515,38721,794,37561,1160,655,139,0.18177686631679535,0.9540680754143996,0.10700538876058506,0.17506297229219145,0.02995790397975259,0.13282369804108934,0.6679759100773688,0.11406550053302839,{}
autoencoder,100.0,False,True,037,5,8818,8274,544,7912,362,396,148,0.18177686631679535,0.9140394647312315,0.2901960784313726,0.27205882352941174,0.0437515107565869,0.2808349146110057,0.7890145112613572,0.20910563119283201,{}
autoencoder,100.0,False,True,038,4,9629,9172,457,8696,476,334,123,0.18177686631679535,0.9158791151729152,0.20534223706176963,0.26914660831509846,0.051897078063672046,0.23295454545454544,0.7326243127929069,0.23562629030187535,{}
autoencoder,100.0,False,True,039,5,7130,6683,447,6253,430,356,91,0.18177686631679535,0.8897615708274895,0.1746641074856046,0.203579418344519,0.0643423612150232,0.18801652892561985,0.7709084220170651,0.24014539916086283,{}
autoencoder,2026.0,False,True,020,4,6224,5721,503,5092,629,320,183,0.1723373532295227,0.847525706940874,0.22536945812807882,0.36381709741550694,0.10994581366893899,0.2783269961977186,0.7368694666470674,0.29490002448608027,{}
autoencoder,2026.0,False,True,021,0,0,0,0,0,0,0,0,0.1723373532295227,,,,,,,,"{""accuracy"": ""no_quality_eligible_evaluation_rows"", ""average_precision"": ""no_quality_eligible_evaluation_rows"", ""f1_score"": ""no_quality_eligible_evaluation_rows"", ""false_positive_rate"": ""no_quality_eligible_evaluation_rows"", ""precision"": ""no_quality_eligible_evaluation_rows"", ""recall"": ""no_quality_eligible_evaluation_rows"", ""roc_auc"": ""no_quality_eligible_evaluation_rows""}"
autoencoder,2026.0,False,True,022,5,21688,21140,548,19373,1767,352,196,0.1723373532295227,0.9022962006639617,0.09984717269485481,0.35766423357664234,0.08358561967833492,0.1561131023496615,0.7551376727275239,0.1905869062694732,{}
autoencoder,2026.0,False,True,023,4,21960,21588,372,20903,685,283,89,0.1723373532295227,0.9559198542805101,0.11498708010335917,0.239247311827957,0.03173059106911247,0.15532286212914484,0.7399136268456589,0.16863236508336116,{}
autoencoder,2026.0,False,True,024,3,4727,4472,255,4295,177,203,52,0.1723373532295227,0.9196107467738523,0.22707423580786026,0.20392156862745098,0.03957960644007156,0.21487603305785125,0.7806495317268232,0.2312054821873282,{}
autoencoder,2026.0,False,True,025,3,1691,1347,344,1285,62,257,87,0.1723373532295227,0.8113542282672974,0.5838926174496645,0.25290697674418605,0.04602821083890126,0.35294117647058826,0.6840038587040969,0.442893310036933,{}
autoencoder,2026.0,False,True,026,5,4017,3579,438,3415,164,366,72,0.1723373532295227,0.8680607418471497,0.3050847457627119,0.1643835616438356,0.045822855546241964,0.21364985163204747,0.7216126925074094,0.2721231329424759,{}
autoencoder,2026.0,False,True,027,5,15977,15472,505,13667,1805,298,207,0.1723373532295227,0.8683732865994868,0.10288270377733598,0.4099009900990099,0.11666235780765254,0.16448152562574495,0.7197690238258573,0.1374962655442882,{}
autoencoder,2026.0,False,True,028,5,27179,26447,732,24992,1455,500,232,0.1723373532295227,0.9280694653960778,0.13752222880853587,0.31693989071038253,0.05501569176088025,0.19181479950392724,0.6939781976573003,0.19254072844901896,{}
autoencoder,2026.0,False,True,029,4,7054,6464,590,6191,273,438,152,0.1723373532295227,0.8992061241848597,0.35764705882352943,0.2576271186440678,0.04223391089108911,0.2995073891625616,0.7711054182748783,0.310474257103551,{}
autoencoder,2026.0,False,True,030,4,4534,4036,498,3533,503,349,149,0.1723373532295227,0.812086457873842,0.2285276073619632,0.2991967871485944,0.12462834489593658,0.2591304347826087,0.6652656214550968,0.24656534443227607,{}
autoencoder,2026.0,False,True,031,4,19624,19116,508,18500,616,379,129,0.1723373532295227,0.9492967794537301,0.17315436241610738,0.25393700787401574,0.03222431471019042,0.20590582601755786,0.7501394820350846,0.19898275009700075,{}
autoencoder,2026.0,False,True,032,4,7435,7098,337,6752,346,271,66,0.1723373532295227,0.9170141223940821,0.16019417475728157,0.19584569732937684,0.04874612566920259,0.17623497997329773,0.7812540499141731,0.14532910556403822,{}
autoencoder,2026.0,False,True,033,5,14454,13969,485,12693,1276,376,109,0.1723373532295227,0.8857063788570638,0.07870036101083032,0.22474226804123712,0.09134512134011025,0.11657754010695187,0.732115590265042,0.10611420998361422,{}
autoencoder,2026.0,False,True,034,5,3996,3492,504,3261,231,362,142,0.1723373532295227,0.8516016016016016,0.3806970509383378,0.28174603174603174,0.0661512027491409,0.3238312428734322,0.7242304973726796,0.35781672848623924,{}
autoencoder,2026.0,False,True,035,5,6900,6498,402,6316,182,259,143,0.1723373532295227,0.9360869565217391,0.44,0.35572139303482586,0.028008618036318867,0.39339752407152684,0.7197716021309273,0.3221593418329166,{}
autoencoder,2026.0,False,True,036,5,39515,38721,794,36143,2578,565,229,0.1723373532295227,0.9204605845881311,0.08158175988599929,0.2884130982367758,0.06657885901707083,0.12718689252985282,0.6217669718467129,0.11827566482125249,{}
autoencoder,2026.0,False,True,037,5,8818,8274,544,7852,422,383,161,0.1723373532295227,0.9087094579269676,0.27615780445969124,0.2959558823529412,0.05100314237370075,0.2857142857142857,0.7586095351846324,0.23218474350732615,{}
autoencoder,2026.0,False,True,038,4,9629,9172,457,8780,392,319,138,0.1723373532295227,0.9261605566517811,0.26037735849056604,0.30196936542669583,0.04273877017008286,0.2796352583586626,0.7137668539299037,0.2416241033751888,{}
autoencoder,2026.0,False,True,039,5,7130,6683,447,6436,247,331,116,0.1723373532295227,0.9189340813464235,0.31955922865013775,0.2595078299776286,0.03695944934909472,0.28641975308641976,0.8038759736631829,0.3153858643589396,{}
