model,metric,run_count,defined_run_count,mean,sample_std,min,max,na_reason
autoencoder,accuracy,5,5,0.9115724655130896,0.006502941843524732,0.9007920809109361,0.9176571261481303,
autoencoder,precision,5,5,0.17983487990414732,0.02571172352449622,0.15078350931468154,0.21591367486889876,
autoencoder,recall,5,5,0.35075029688006043,0.10496991920047107,0.24203821656050956,0.4645363273237612,
autoencoder,f1_score,5,5,0.23643160615721284,0.0453462438626136,0.1858113707939665,0.29434610757862173,
autoencoder,false_positive_rate,5,5,0.06516218891212734,0.010389893947361959,0.05655003157343174,0.08111013081701293,
autoencoder,roc_auc,5,5,0.7528842223758782,0.048566751711612295,0.7063017488809249,0.8178283560111904,
autoencoder,average_precision,5,5,0.20066518831603353,0.04158585670744465,0.15840203552464346,0.24761968875845478,
autoencoder,tn,5,5,208739.0,2319.949029612504,205178.0,210662.0,
autoencoder,fp,5,5,14550.0,2319.949029612504,12627.0,18111.0,
autoencoder,fn,5,5,6014.0,972.3363615539635,4960.0,7021.0,
autoencoder,tp,5,5,3249.0,972.3363615539635,2242.0,4303.0,
autoencoder,user_macro_precision,5,5,0.24452001091367004,0.02240224091990361,0.2121350463286403,0.27456566823797396,
autoencoder,user_macro_recall,5,5,0.3471768444840503,0.10532324753874604,0.23966238421482833,0.4612595591674864,
autoencoder,user_macro_f1_score,5,5,0.26308224708540634,0.047665781751906194,0.20695133241064184,0.32343244590749604,
autoencoder,user_macro_false_positive_rate,5,5,0.07074804423534309,0.014557197332307648,0.06013377317353034,0.09136189096813319,
autoencoder,user_macro_roc_auc,5,5,0.7678896644652259,0.033562248662864086,0.7302018771954765,0.8068778466758708,
autoencoder,user_macro_average_precision,5,5,0.2672398676280117,0.043142181309116394,0.22875408525988955,0.3269661421631948,
isolation_forest,accuracy,5,5,0.9235371013794765,0.0014746743887288176,0.9218841377412363,0.9254360315112319,
isolation_forest,precision,5,5,0.24012176690522685,0.0033023348583359714,0.23606517948409597,0.2437619961612284,
isolation_forest,recall,5,5,0.4246788297527798,0.010250002590692253,0.4130411313829213,0.4410018352585555,
isolation_forest,f1_score,5,5,0.30672865620626477,0.0031945584251894654,0.3032362709507994,0.3102217496962333,
isolation_forest,false_positive_rate,5,5,0.05576808530648621,0.001885961041588958,0.05330759688117193,0.05816677041860548,
isolation_forest,roc_auc,5,5,0.7369523795771717,0.0053029491433603205,0.7289923181341113,0.7429363428683127,
isolation_forest,average_precision,5,5,0.20208463312932326,0.011308911902959918,0.19108983157142237,0.2148669780774807,
isolation_forest,tn,5,5,210836.6,421.11435501535686,210301.0,211386.0,
isolation_forest,fp,5,5,12452.4,421.11435501535686,11903.0,12988.0,
isolation_forest,fn,5,5,5329.2,94.94577399758242,5178.0,5437.0,
isolation_forest,tp,5,5,3933.8,94.94577399758242,3826.0,4085.0,
isolation_forest,user_macro_precision,5,5,0.351960163906358,0.005051585651452848,0.34570341708080904,0.3571865060845766,
isolation_forest,user_macro_recall,5,5,0.42554079597203465,0.007777693238806731,0.4163533224175909,0.43771815223049515,
isolation_forest,user_macro_f1_score,5,5,0.35455989570698465,0.002871367600377731,0.35161011971736256,0.35765582224495673,
isolation_forest,user_macro_false_positive_rate,5,5,0.057158016443641255,0.0011176696844618452,0.05576975527136976,0.05817447206487654,
isolation_forest,user_macro_roc_auc,5,5,0.7696865028101774,0.0037187192544079254,0.7647579890560658,0.7742349400508968,
isolation_forest,user_macro_average_precision,5,5,0.29115257204457545,0.007292670310500594,0.28083568505674894,0.2984670852750407,
statistical_rule,accuracy,1,1,0.9223055488664901,,0.9223055488664901,0.9223055488664901,deterministic_single_run_std_undefined
statistical_rule,precision,1,1,0.2244131455399061,,0.2244131455399061,0.2244131455399061,deterministic_single_run_std_undefined
statistical_rule,recall,1,1,0.38702364244845083,,0.38702364244845083,0.38702364244845083,deterministic_single_run_std_undefined
statistical_rule,f1_score,1,1,0.28409541168079877,,0.28409541168079877,0.28409541168079877,deterministic_single_run_std_undefined
statistical_rule,false_positive_rate,1,1,0.055488626846821834,,0.055488626846821834,0.055488626846821834,deterministic_single_run_std_undefined
statistical_rule,roc_auc,1,1,0.6856545025786159,,0.6856545025786159,0.6856545025786159,deterministic_single_run_std_undefined
statistical_rule,average_precision,1,1,0.15992907169793827,,0.15992907169793827,0.15992907169793827,deterministic_single_run_std_undefined
statistical_rule,tn,1,1,210899.0,,210899.0,210899.0,deterministic_single_run_std_undefined
statistical_rule,fp,1,1,12390.0,,12390.0,12390.0,deterministic_single_run_std_undefined
statistical_rule,fn,1,1,5678.0,,5678.0,5678.0,deterministic_single_run_std_undefined
statistical_rule,tp,1,1,3585.0,,3585.0,3585.0,deterministic_single_run_std_undefined
statistical_rule,user_macro_precision,1,1,0.32166028293062726,,0.32166028293062726,0.32166028293062726,deterministic_single_run_std_undefined
statistical_rule,user_macro_recall,1,1,0.38430824959110393,,0.38430824959110393,0.38430824959110393,deterministic_single_run_std_undefined
statistical_rule,user_macro_f1_score,1,1,0.32098657896209226,,0.32098657896209226,0.32098657896209226,deterministic_single_run_std_undefined
statistical_rule,user_macro_false_positive_rate,1,1,0.05945405616539334,,0.05945405616539334,0.05945405616539334,deterministic_single_run_std_undefined
statistical_rule,user_macro_roc_auc,1,1,0.6956193207783028,,0.6956193207783028,0.6956193207783028,deterministic_single_run_std_undefined
statistical_rule,user_macro_average_precision,1,1,0.22243274593786247,,0.22243274593786247,0.22243274593786247,deterministic_single_run_std_undefined
