model,user_id,metric,run_count,defined_run_count,mean,sample_std,min,max,na_reason
autoencoder,020,precision,5,5,0.20759986650783885,0.021798814030549524,0.18666666666666668,0.2360939431396786,
autoencoder,020,recall,5,5,0.42345924453280315,0.13141589186797636,0.26043737574552683,0.584493041749503,
autoencoder,020,f1_score,5,5,0.2718978099910323,0.027209958380060635,0.22469982847341338,0.29115853658536583,
autoencoder,020,false_positive_rate,5,5,0.145883586785527,0.05838697512771143,0.09299073588533473,0.2158713511623842,
autoencoder,020,roc_auc,5,5,0.7494604475923692,0.019928618571999592,0.7204961109066628,0.7665122705473157,
autoencoder,020,average_precision,5,5,0.32405515840404625,0.03536990155437247,0.27898782232214125,0.3580494031840217,
autoencoder,020,normal_row_count,5,5,5721.0,0.0,5721.0,5721.0,
autoencoder,020,anomaly_row_count,5,5,503.0,0.0,503.0,503.0,
autoencoder,021,precision,5,0,,,,,no_defined_seeds
autoencoder,021,recall,5,0,,,,,no_defined_seeds
autoencoder,021,f1_score,5,0,,,,,no_defined_seeds
autoencoder,021,false_positive_rate,5,0,,,,,no_defined_seeds
autoencoder,021,roc_auc,5,0,,,,,no_defined_seeds
autoencoder,021,average_precision,5,0,,,,,no_defined_seeds
autoencoder,021,normal_row_count,5,5,0.0,0.0,0.0,0.0,
autoencoder,021,anomaly_row_count,5,5,0.0,0.0,0.0,0.0,
autoencoder,022,precision,5,5,0.1260214719023832,0.0336983626339494,0.09529085872576178,0.16824644549763032,
autoencoder,022,recall,5,5,0.4145985401459854,0.09185378084062673,0.31386861313868614,0.5182481751824818,
autoencoder,022,f1_score,5,5,0.19320066221297352,0.049512830764500894,0.14619634509137272,0.25402504472271914,
autoencoder,022,false_positive_rate,5,5,0.07535477767265848,0.006739489329349958,0.06641438032166509,0.08358561967833492,
autoencoder,022,roc_auc,5,5,0.7938494413330663,0.04759475826807567,0.7551376727275239,0.8585884250978876,
autoencoder,022,average_precision,5,5,0.20935815210541514,0.03665173784695585,0.17488419544481268,0.25051868528337157,
autoencoder,022,normal_row_count,5,5,21140.0,0.0,21140.0,21140.0,
autoencoder,022,anomaly_row_count,5,5,548.0,0.0,548.0,548.0,
autoencoder,023,precision,5,5,0.1109107003321711,0.02306276520235967,0.07454017424975799,0.1384499623777276,
autoencoder,023,recall,5,5,0.3419354838709677,0.1435267391352674,0.20698924731182797,0.5,
autoencoder,023,f1_score,5,5,0.16527671563014257,0.040110736539557566,0.10960854092526691,0.21634332745443857,
autoencoder,023,false_positive_rate,5,5,0.04637761719473782,0.013304925870959688,0.03173059106911247,0.06545302946081157,
autoencoder,023,roc_auc,5,5,0.7900388457546106,0.04618788744316794,0.7399136268456589,0.8468531402352162,
autoencoder,023,average_precision,5,5,0.1804269784063579,0.03884536742536958,0.13590040469855955,0.2357304973721535,
autoencoder,023,normal_row_count,5,5,21588.0,0.0,21588.0,21588.0,
autoencoder,023,anomaly_row_count,5,5,372.0,0.0,372.0,372.0,
autoencoder,024,precision,5,5,0.29790629955056547,0.11217142926278818,0.15878378378378377,0.4125874125874126,
autoencoder,024,recall,5,5,0.3176470588235294,0.1470718948439151,0.1843137254901961,0.49019607843137253,
autoencoder,024,f1_score,5,5,0.306236147486853,0.12763371011387487,0.1705989110707804,0.44642857142857145,
autoencoder,024,false_positive_rate,5,5,0.04181574239713774,0.007929616827592639,0.03600178890876565,0.05567978533094812,
autoencoder,024,roc_auc,5,5,0.8163954365288155,0.031540406746904164,0.7806495317268232,0.8534861798028692,
autoencoder,024,average_precision,5,5,0.27599174659591685,0.06806296637810076,0.20376939698619337,0.35977969147840755,
autoencoder,024,normal_row_count,5,5,4472.0,0.0,4472.0,4472.0,
autoencoder,024,anomaly_row_count,5,5,255.0,0.0,255.0,255.0,
autoencoder,025,precision,5,5,0.5180060536752779,0.06431565725464661,0.44569288389513106,0.5838926174496645,
autoencoder,025,recall,5,5,0.2924418604651163,0.04473345130621243,0.25290697674418605,0.34593023255813954,
autoencoder,025,f1_score,5,5,0.36868393097155316,0.019889349917978312,0.3438735177865613,0.3895253682487725,
autoencoder,025,false_positive_rate,5,5,0.07349665924276169,0.030146904980322128,0.04602821083890126,0.10987379361544172,
autoencoder,025,roc_auc,5,5,0.7162460506552027,0.020608467791194903,0.6840038587040969,0.7347604927401115,
autoencoder,025,average_precision,5,5,0.4614646080817513,0.032401389942184305,0.4200593755266371,0.5042628255927597,
autoencoder,025,normal_row_count,5,5,1347.0,0.0,1347.0,1347.0,
autoencoder,025,anomaly_row_count,5,5,344.0,0.0,344.0,344.0,
autoencoder,026,precision,5,5,0.39833693181811214,0.12037608104371564,0.27312775330396477,0.5379310344827586,
autoencoder,026,recall,5,5,0.24748858447488584,0.11750341085571961,0.1415525114155251,0.3926940639269406,
autoencoder,026,f1_score,5,5,0.3032585968572757,0.12340852729567896,0.18646616541353384,0.4444444444444444,
autoencoder,026,false_positive_rate,5,5,0.04286113439508242,0.004226358290290927,0.037440625873148926,0.04610226320201174,
autoencoder,026,roc_auc,5,5,0.7890345253450811,0.04966305853691348,0.7216126925074094,0.8293192404704766,
autoencoder,026,average_precision,5,5,0.34579295964996837,0.07003028853896616,0.2721231329424759,0.4219746691738182,
autoencoder,026,normal_row_count,5,5,3579.0,0.0,3579.0,3579.0,
autoencoder,026,anomaly_row_count,5,5,438.0,0.0,438.0,438.0,
autoencoder,027,precision,5,5,0.109148327839684,0.01866867574902756,0.08013937282229965,0.12900232018561486,
autoencoder,027,recall,5,5,0.4669306930693069,0.07371285466357064,0.4099009900990099,0.5504950495049505,
autoencoder,027,f1_score,5,5,0.17655520283154919,0.028667865282726537,0.13406735751295337,0.20902255639097744,
autoencoder,027,false_positive_rate,5,5,0.12590486039296794,0.01913624636477459,0.10321871768355739,0.15356773526370218,
autoencoder,027,roc_auc,5,5,0.7646652528489664,0.04185406532752606,0.7197690238258573,0.8097237936048,
autoencoder,027,average_precision,5,5,0.1623279142479853,0.034012728058679005,0.12316668450579746,0.20173503851513983,
autoencoder,027,normal_row_count,5,5,15472.0,0.0,15472.0,15472.0,
autoencoder,027,anomaly_row_count,5,5,505.0,0.0,505.0,505.0,
autoencoder,028,precision,5,5,0.1456802101270628,0.019997386465326412,0.12285556170448257,0.1757093081134893,
autoencoder,028,recall,5,5,0.3765027322404372,0.11825662468232605,0.2568306010928962,0.523224043715847,
autoencoder,028,f1_score,5,5,0.20837313854472966,0.03693877574751973,0.17487199684915322,0.25757022984312294,
autoencoder,028,false_positive_rate,5,5,0.06030173554656484,0.013000505682021579,0.04412598782470602,0.07982001739327713,
autoencoder,028,roc_auc,5,5,0.7540567938640452,0.06129271839082332,0.6939781976573003,0.8320871302353133,
autoencoder,028,average_precision,5,5,0.21882327302466353,0.059475218160954434,0.17313847157434722,0.3167384238689151,
autoencoder,028,normal_row_count,5,5,26447.0,0.0,26447.0,26447.0,
autoencoder,028,anomaly_row_count,5,5,732.0,0.0,732.0,732.0,
autoencoder,029,precision,5,5,0.37842547543965643,0.05929591394795837,0.34564643799472294,0.4842105263157895,
autoencoder,029,recall,5,5,0.34576271186440677,0.13358147454589572,0.22203389830508474,0.511864406779661,
autoencoder,029,f1_score,5,5,0.35378471693623786,0.08853761561034985,0.27038183694530443,0.47586206896551725,
autoencoder,029,false_positive_rate,5,5,0.051392326732673264,0.01923313219408624,0.038366336633663366,0.0853960396039604,
autoencoder,029,roc_auc,5,5,0.8003464822117806,0.03576473799233873,0.7711054182748783,0.8491153087766404,
autoencoder,029,average_precision,5,5,0.3638533294249968,0.08200576560662975,0.30206187746771146,0.491326934853384,
autoencoder,029,normal_row_count,5,5,6464.0,0.0,6464.0,6464.0,
autoencoder,029,anomaly_row_count,5,5,590.0,0.0,590.0,590.0,
autoencoder,030,precision,5,5,0.24792654256368651,0.018812723200751415,0.2285276073619632,0.27604871447902574,
autoencoder,030,recall,5,5,0.327710843373494,0.06230403060121868,0.25301204819277107,0.40963855421686746,
autoencoder,030,f1_score,5,5,0.2813802185163683,0.034761595474159857,0.2446601941747573,0.32983023443815684,
autoencoder,030,false_positive_rate,5,5,0.12175421209117938,0.013232638352202416,0.10059464816650149,0.1325569871159564,
autoencoder,030,roc_auc,5,5,0.7219748170083705,0.03787507489970135,0.6652656214550968,0.7671961383691356,
autoencoder,030,average_precision,5,5,0.29171464472856423,0.042243595777321605,0.24656534443227607,0.34926813438102006,
autoencoder,030,normal_row_count,5,5,4036.0,0.0,4036.0,4036.0,
autoencoder,030,anomaly_row_count,5,5,498.0,0.0,498.0,498.0,
autoencoder,031,precision,5,5,0.18786428473670713,0.04465902985980878,0.15557020435069216,0.26666666666666666,
autoencoder,031,recall,5,5,0.3326771653543307,0.11064848388556425,0.234251968503937,0.4645669291338583,
autoencoder,031,f1_score,5,5,0.23595566372455096,0.05546671905641146,0.1975103734439834,0.3323442136498516,
autoencoder,031,false_positive_rate,5,5,0.03918183720443607,0.015620864159056945,0.03023645114040594,0.06701192718141871,
autoencoder,031,roc_auc,5,5,0.7581400047451696,0.04229676365413882,0.7087858132611013,0.8235756665068469,
autoencoder,031,average_precision,5,5,0.22568958349008442,0.05836209515685778,0.17880889056602237,0.3223375561902773,
autoencoder,031,normal_row_count,5,5,19116.0,0.0,19116.0,19116.0,
autoencoder,031,anomaly_row_count,5,5,508.0,0.0,508.0,508.0,
autoencoder,032,precision,5,5,0.16689137744122318,0.029082778753839068,0.13243243243243244,0.21159029649595687,
autoencoder,032,recall,5,5,0.3068249258160237,0.15961247525531966,0.14540059347181009,0.4896142433234421,
autoencoder,032,f1_score,5,5,0.21018970753547278,0.062062499816208344,0.13861386138613863,0.29101019462465244,
autoencoder,032,false_positive_rate,5,5,0.06954071569456186,0.027169507446619896,0.0452240067624683,0.11059453367145675,
autoencoder,032,roc_auc,5,5,0.787162012453042,0.0281886993614859,0.7469768305194008,0.8236336059892325,
autoencoder,032,average_precision,5,5,0.15625969160766806,0.020691498646138666,0.13610176919025385,0.18216828702784463,
autoencoder,032,normal_row_count,5,5,7098.0,0.0,7098.0,7098.0,
autoencoder,032,anomaly_row_count,5,5,337.0,0.0,337.0,337.0,
autoencoder,033,precision,5,5,0.1154205151038008,0.04541462697401267,0.07225691347011597,0.16605437178545188,
autoencoder,033,recall,5,5,0.3265979381443299,0.15028650853512351,0.1670103092783505,0.5051546391752577,
autoencoder,033,f1_score,5,5,0.17030961033394815,0.06999649001397398,0.10087173100871731,0.24536805207811718,
autoencoder,033,false_positive_rate,5,5,0.08480206170806787,0.007062239254251571,0.07445056911733124,0.09134512134011025,
autoencoder,033,roc_auc,5,5,0.7770158665026314,0.042972567956677026,0.7312214159039936,0.8221151695986622,
autoencoder,033,average_precision,5,5,0.1368598218317364,0.03840984963803462,0.10611420998361422,0.1864395857492707,
autoencoder,033,normal_row_count,5,5,13969.0,0.0,13969.0,13969.0,
autoencoder,033,anomaly_row_count,5,5,485.0,0.0,485.0,485.0,
autoencoder,034,precision,5,5,0.39055226999436793,0.03055462736163414,0.36349453978159124,0.430939226519337,
autoencoder,034,recall,5,5,0.3646825396825396,0.0924526531328474,0.28174603174603174,0.4642857142857143,
autoencoder,034,f1_score,5,5,0.3721873391957048,0.052675984993062905,0.3238312428734322,0.4469914040114613,
autoencoder,034,false_positive_rate,5,5,0.08264604810996563,0.02295117202153937,0.05756013745704467,0.11683848797250859,
autoencoder,034,roc_auc,5,5,0.7778282900598192,0.044985077741988885,0.7242304973726796,0.8293744545355368,
autoencoder,034,average_precision,5,5,0.41373406260296364,0.06195805773447296,0.35781672848623924,0.48559807876096855,
autoencoder,034,normal_row_count,5,5,3492.0,0.0,3492.0,3492.0,
autoencoder,034,anomaly_row_count,5,5,504.0,0.0,504.0,504.0,
autoencoder,035,precision,5,5,0.3485991561604057,0.11216727236374953,0.18401682439537329,0.4664429530201342,
autoencoder,035,recall,5,5,0.38855721393034826,0.07955144539568694,0.3034825870646766,0.5024875621890548,
autoencoder,035,f1_score,5,5,0.35186965508825163,0.06280821577967464,0.2586844050258684,0.39714285714285713,
autoencoder,035,false_positive_rate,5,5,0.05497076023391813,0.03923641610855334,0.024469067405355493,0.11942136041859033,
autoencoder,035,roc_auc,5,5,0.7113377786352938,0.032861378306058855,0.6692478282640353,0.7599592450183676,
autoencoder,035,average_precision,5,5,0.32810910167159646,0.03596798038679178,0.28736664176366616,0.38641027518085497,
autoencoder,035,normal_row_count,5,5,6498.0,0.0,6498.0,6498.0,
autoencoder,035,anomaly_row_count,5,5,402.0,0.0,402.0,402.0,
autoencoder,036,precision,5,5,0.13509708243329427,0.047547156788242326,0.08158175988599929,0.2082625919637804,
autoencoder,036,recall,5,5,0.3367758186397985,0.13045026097076065,0.17506297229219145,0.47858942065491183,
autoencoder,036,f1_score,5,5,0.18973421944832142,0.06582863429030715,0.12718689252985282,0.2873877391643889,
autoencoder,036,false_positive_rate,5,5,0.045742620283567056,0.016755094073742278,0.02995790397975259,0.06657885901707083,
autoencoder,036,roc_auc,5,5,0.7524471649767044,0.13182140404321865,0.6217669718467129,0.9046582322403695,
autoencoder,036,average_precision,5,5,0.1613218104453977,0.0618455381118573,0.11406550053302839,0.25453127899260425,
autoencoder,036,normal_row_count,5,5,38721.0,0.0,38721.0,38721.0,
autoencoder,036,anomaly_row_count,5,5,794.0,0.0,794.0,794.0,
autoencoder,037,precision,5,5,0.2500810594943742,0.03324120379274889,0.20689655172413793,0.2901960784313726,
autoencoder,037,recall,5,5,0.3191176470588235,0.048226970901336326,0.27205882352941174,0.3860294117647059,
autoencoder,037,f1_score,5,5,0.27668183766821886,0.014879127772960694,0.2608695652173913,0.29432375613174494,
autoencoder,037,false_positive_rate,5,5,0.06507130771090161,0.019430110580007064,0.0437515107565869,0.08895334783659657,
autoencoder,037,roc_auc,5,5,0.7990298276671075,0.02767941881806132,0.7586095351846324,0.8255959268225057,
autoencoder,037,average_precision,5,5,0.23155831523702441,0.03300443097479775,0.19348506606802085,0.27895952573105026,
autoencoder,037,normal_row_count,5,5,8274.0,0.0,8274.0,8274.0,
autoencoder,037,anomaly_row_count,5,5,544.0,0.0,544.0,544.0,
autoencoder,038,precision,5,5,0.21503808648417239,0.0317945996408356,0.17928730512249444,0.26037735849056604,
autoencoder,038,recall,5,5,0.3207877461706783,0.04795568438236108,0.26914660831509846,0.387308533916849,
autoencoder,038,f1_score,5,5,0.254261501396147,0.019074838341407982,0.23295454545454544,0.2796352583586626,
autoencoder,038,false_positive_rate,5,5,0.0603139991277802,0.017713425121955773,0.04273877017008286,0.08035324901875272,
autoencoder,038,roc_auc,5,5,0.7263277733297324,0.008944291181371446,0.7137668539299037,0.73662373640258,
autoencoder,038,average_precision,5,5,0.2644353538374508,0.02673148398421622,0.23562629030187535,0.2983405427778101,
autoencoder,038,normal_row_count,5,5,9172.0,0.0,9172.0,9172.0,
autoencoder,038,anomaly_row_count,5,5,457.0,0.0,457.0,457.0,
autoencoder,039,precision,5,5,0.2963744957549467,0.07584545483068279,0.1746641074856046,0.3746031746031746,
autoencoder,039,recall,5,5,0.34586129753914985,0.14371403656815473,0.203579418344519,0.5011185682326622,
autoencoder,039,f1_score,5,5,0.3087260202533895,0.08054164140157818,0.18801652892561985,0.39964317573595004,
autoencoder,039,false_positive_rate,5,5,0.05680083794702978,0.023206832777911128,0.02947777944037109,0.08588957055214724,
autoencoder,039,roc_auc,5,5,0.804546813327482,0.031293784101432943,0.7709084220170651,0.8442244353682472,
autoencoder,039,average_precision,5,5,0.3257809795386353,0.0641449215843883,0.24014539916086283,0.4190469235426754,
autoencoder,039,normal_row_count,5,5,6683.0,0.0,6683.0,6683.0,
autoencoder,039,anomaly_row_count,5,5,447.0,0.0,447.0,447.0,
isolation_forest,020,precision,5,5,0.4236494729867819,0.021410568009901123,0.38825757575757575,0.445916114790287,
isolation_forest,020,recall,5,5,0.410337972166998,0.010943426596042052,0.3996023856858847,0.4254473161033797,
isolation_forest,020,f1_score,5,5,0.4166238245980736,0.012257063331312133,0.3976721629485936,0.42842842842842843,
isolation_forest,020,false_positive_rate,5,5,0.049257122880615276,0.004563779983526482,0.04387344869778011,0.05645866107323894,
isolation_forest,020,roc_auc,5,5,0.7228987897470966,0.010585574244604972,0.7099980088008915,0.7373359910455115,
isolation_forest,020,average_precision,5,5,0.3688649089564297,0.014586132934012903,0.3437495167935263,0.379604880338304,
isolation_forest,020,normal_row_count,5,5,5721.0,0.0,5721.0,5721.0,
isolation_forest,020,anomaly_row_count,5,5,503.0,0.0,503.0,503.0,
isolation_forest,021,precision,5,0,,,,,no_defined_seeds
isolation_forest,021,recall,5,0,,,,,no_defined_seeds
isolation_forest,021,f1_score,5,0,,,,,no_defined_seeds
isolation_forest,021,false_positive_rate,5,0,,,,,no_defined_seeds
isolation_forest,021,roc_auc,5,0,,,,,no_defined_seeds
isolation_forest,021,average_precision,5,0,,,,,no_defined_seeds
isolation_forest,021,normal_row_count,5,5,0.0,0.0,0.0,0.0,
isolation_forest,021,anomaly_row_count,5,5,0.0,0.0,0.0,0.0,
isolation_forest,022,precision,5,5,0.15247121196072483,0.004631039187526079,0.14606741573033707,0.1568505889646621,
isolation_forest,022,recall,5,5,0.4452554744525548,0.02361711515610363,0.4197080291970803,0.4762773722627737,
isolation_forest,022,f1_score,5,5,0.227051877265745,0.006508322993337641,0.21767441860465117,0.23415085608514577,
isolation_forest,022,false_positive_rate,5,5,0.0641911069063387,0.0035780793550172323,0.05851466414380321,0.06844843897824031,
isolation_forest,022,roc_auc,5,5,0.77920768909391,0.0028788397254189213,0.775053648253907,0.7820816126760077,
isolation_forest,022,average_precision,5,5,0.20656412834185933,0.011297048273346058,0.18828230981271746,0.21723386740766207,
isolation_forest,022,normal_row_count,5,5,21140.0,0.0,21140.0,21140.0,
isolation_forest,022,anomaly_row_count,5,5,548.0,0.0,548.0,548.0,
isolation_forest,023,precision,5,5,0.11500951082662672,0.004912376283014712,0.10868207370393504,0.12005457025920874,
isolation_forest,023,recall,5,5,0.4682795698924731,0.003504947529678868,0.4650537634408602,0.4731182795698925,
isolation_forest,023,f1_score,5,5,0.1846321533350072,0.006542083714367334,0.17638114546376077,0.191512513601741,
isolation_forest,023,false_positive_rate,5,5,0.062182694089308876,0.0027066894466541147,0.05947748749305169,0.06610153789142116,
isolation_forest,023,roc_auc,5,5,0.7610397726933122,0.0025440238088647368,0.7593003928905147,0.7655176312606964,
isolation_forest,023,average_precision,5,5,0.10125324989236,0.003804658623394089,0.0972524820173814,0.10674082530479173,
isolation_forest,023,normal_row_count,5,5,21588.0,0.0,21588.0,21588.0,
isolation_forest,023,anomaly_row_count,5,5,372.0,0.0,372.0,372.0,
isolation_forest,024,precision,5,5,0.29565920895998826,0.007780613567734236,0.28895184135977336,0.3081395348837209,
isolation_forest,024,recall,5,5,0.40705882352941175,0.007015115223528745,0.4,0.41568627450980394,
isolation_forest,024,f1_score,5,5,0.3424979339613545,0.006949274763285371,0.3355263157894737,0.35392320534223703,
isolation_forest,024,false_positive_rate,5,5,0.05532200357781754,0.0017073890133113665,0.053220035778175315,0.057692307692307696,
isolation_forest,024,roc_auc,5,5,0.7480478971552843,0.0050851853029813075,0.7411462169841103,0.7553610263425585,
isolation_forest,024,average_precision,5,5,0.22237301281374416,0.005254519960669897,0.21775535132903795,0.23103022981969587,
isolation_forest,024,normal_row_count,5,5,4472.0,0.0,4472.0,4472.0,
isolation_forest,024,anomaly_row_count,5,5,255.0,0.0,255.0,255.0,
isolation_forest,025,precision,5,5,0.6085900085185163,0.016052962992249977,0.5865384615384616,0.6302083333333334,
isolation_forest,025,recall,5,5,0.35290697674418603,0.0015922167369336253,0.35174418604651164,0.3546511627906977,
isolation_forest,025,f1_score,5,5,0.4466814820043263,0.0037285764599089954,0.4420289855072464,0.45149253731343286,
isolation_forest,025,false_positive_rate,5,5,0.05805493689680772,0.004079771837872036,0.05270972531551596,0.06384558277654045,
isolation_forest,025,roc_auc,5,5,0.6956593895133025,0.007926879511507966,0.6866756012499784,0.7079955888192537,
isolation_forest,025,average_precision,5,5,0.4524291554255038,0.006847885231625358,0.44222815464481957,0.4606620103674261,
isolation_forest,025,normal_row_count,5,5,1347.0,0.0,1347.0,1347.0,
isolation_forest,025,anomaly_row_count,5,5,344.0,0.0,344.0,344.0,
isolation_forest,026,precision,5,5,0.5693628784286335,0.009103949116174303,0.5544554455445545,0.5770491803278689,
isolation_forest,026,recall,5,5,0.39360730593607307,0.007327308920493707,0.3835616438356164,0.4018264840182648,
isolation_forest,026,f1_score,5,5,0.46543401789956834,0.007737470517269158,0.4534412955465587,0.4737550471063257,
isolation_forest,026,false_positive_rate,5,5,0.03643475831237776,0.0009182272548284424,0.03520536462699078,0.037720033528918694,
isolation_forest,026,roc_auc,5,5,0.7915887451023921,0.0054417781938127675,0.7830555842618215,0.7962177261830491,
isolation_forest,026,average_precision,5,5,0.3733163052642463,0.008118209123467607,0.3624689369122666,0.3833455543039014,
isolation_forest,026,normal_row_count,5,5,3579.0,0.0,3579.0,3579.0,
isolation_forest,026,anomaly_row_count,5,5,438.0,0.0,438.0,438.0,
isolation_forest,027,precision,5,5,0.07894075816757172,0.002339288981134424,0.07540242869245976,0.08062610750147667,
isolation_forest,027,recall,5,5,0.5334653465346535,0.007488186297500615,0.5267326732673268,0.5425742574257426,
isolation_forest,027,f1_score,5,5,0.13752338687295787,0.003719489177059023,0.13198220464656452,0.14032382420971473,
isolation_forest,027,false_positive_rate,5,5,0.20327042399172698,0.0053087564983341036,0.1971949327817994,0.21160806618407446,
isolation_forest,027,roc_auc,5,5,0.7170436918304033,0.009026147518880019,0.704460756959874,0.7293140851055115,
isolation_forest,027,average_precision,5,5,0.14845351721149194,0.01867301241682973,0.1263916373167651,0.16857030785261076,
isolation_forest,027,normal_row_count,5,5,15472.0,0.0,15472.0,15472.0,
isolation_forest,027,anomaly_row_count,5,5,505.0,0.0,505.0,505.0,
isolation_forest,028,precision,5,5,0.303916711182182,0.022556563826808207,0.26856649395509496,0.3280212483399734,
isolation_forest,028,recall,5,5,0.36366120218579234,0.035273954185617455,0.337431693989071,0.4248633879781421,
isolation_forest,028,f1_score,5,5,0.32930867731560454,0.004583186056349874,0.32204472843450477,0.33376623376623377,
isolation_forest,028,false_positive_rate,5,5,0.02339773887397436,0.005034778883607343,0.01913260483230612,0.03202631678451242,
isolation_forest,028,roc_auc,5,5,0.7382628593613662,0.0186517012211135,0.7154463840558734,0.76620678722121,
isolation_forest,028,average_precision,5,5,0.2612090926699965,0.00807895277583078,0.252267265245543,0.27094709547762746,
isolation_forest,028,normal_row_count,5,5,26447.0,0.0,26447.0,26447.0,
isolation_forest,028,anomaly_row_count,5,5,732.0,0.0,732.0,732.0,
isolation_forest,029,precision,5,5,0.6009326064425111,0.014149095795042277,0.58656330749354,0.6212871287128713,
isolation_forest,029,recall,5,5,0.39627118644067794,0.017176442115468798,0.38305084745762713,0.42542372881355933,
isolation_forest,029,f1_score,5,5,0.4775183845955501,0.01604650138463831,0.4646878198567042,0.5050301810865191,
isolation_forest,029,false_positive_rate,5,5,0.02400990099009901,0.0009371987147810008,0.022586633663366336,0.024907178217821783,
isolation_forest,029,roc_auc,5,5,0.8496438947390501,0.012918834202925016,0.8362754866588353,0.8640913429266656,
isolation_forest,029,average_precision,5,5,0.4678157371769759,0.013345332156712726,0.4457335346655209,0.47824734527892704,
isolation_forest,029,normal_row_count,5,5,6464.0,0.0,6464.0,6464.0,
isolation_forest,029,anomaly_row_count,5,5,590.0,0.0,590.0,590.0,
isolation_forest,030,precision,5,5,0.428428176590828,0.008673688935575666,0.41956521739130437,0.4413145539906103,
isolation_forest,030,recall,5,5,0.3867469879518072,0.008352061985174861,0.37751004016064255,0.39959839357429716,
isolation_forest,030,f1_score,5,5,0.40640384600752455,0.0034547282652204595,0.40292275574112735,0.41200828157349895,
isolation_forest,030,false_positive_rate,5,5,0.06372646184340931,0.003288908524488624,0.058969276511397425,0.06665014866204162,
isolation_forest,030,roc_auc,5,5,0.7755401188500285,0.004062595703724137,0.7701882853515151,0.7802518299162956,
isolation_forest,030,average_precision,5,5,0.35862318276832345,0.006385833855040427,0.3484664451603491,0.36466326612625183,
isolation_forest,030,normal_row_count,5,5,4036.0,0.0,4036.0,4036.0,
isolation_forest,030,anomaly_row_count,5,5,498.0,0.0,498.0,498.0,
isolation_forest,031,precision,5,5,0.3442482480420014,0.006846977849982523,0.335016835016835,0.35241502683363146,
isolation_forest,031,recall,5,5,0.3964566929133858,0.008187651316175363,0.38779527559055116,0.4094488188976378,
isolation_forest,031,f1_score,5,5,0.36846073678159,0.005625346666428343,0.36116152450090744,0.3764705882352941,
isolation_forest,031,false_positive_rate,5,5,0.020077422054823185,0.0006754151191286636,0.018937016112157354,0.020663318685917555,
isolation_forest,031,roc_auc,5,5,0.8010342986787669,0.02311198863027147,0.7639077336378151,0.8257775158048747,
isolation_forest,031,average_precision,5,5,0.27426024680315286,0.014982607723902632,0.2545203376485601,0.28809527248348027,
isolation_forest,031,normal_row_count,5,5,19116.0,0.0,19116.0,19116.0,
isolation_forest,031,anomaly_row_count,5,5,508.0,0.0,508.0,508.0,
isolation_forest,032,precision,5,5,0.2518110854377846,0.01240881408171202,0.2352,0.2623239436619718,
isolation_forest,032,recall,5,5,0.4344213649851632,0.011023249626710207,0.41543026706231456,0.4421364985163205,
isolation_forest,032,f1_score,5,5,0.318724022744196,0.012027197376691907,0.30561330561330563,0.3292817679558011,
isolation_forest,032,false_positive_rate,5,5,0.06139757678219217,0.0034986538729085206,0.059030712876866724,0.06734291349675965,
isolation_forest,032,roc_auc,5,5,0.7955562355927569,0.0011575456818533458,0.7944531121317242,0.7972854392050922,
isolation_forest,032,average_precision,5,5,0.19004391113756483,0.003317430194316429,0.18694022700099974,0.19508759706956272,
isolation_forest,032,normal_row_count,5,5,7098.0,0.0,7098.0,7098.0,
isolation_forest,032,anomaly_row_count,5,5,337.0,0.0,337.0,337.0,
isolation_forest,033,precision,5,5,0.1647344485458157,0.008151701210247978,0.15368421052631578,0.17468944099378883,
isolation_forest,033,recall,5,5,0.4564948453608248,0.0059401485735620435,0.4515463917525773,0.4639175257731959,
isolation_forest,033,f1_score,5,5,0.24204787894856006,0.009599216352306721,0.2293193717277487,0.25380710659898476,
isolation_forest,033,false_positive_rate,5,5,0.08050683656668337,0.003879135010836728,0.07609707208819529,0.08633402534182834,
isolation_forest,033,roc_auc,5,5,0.7572012696744558,0.0022357034987458566,0.7546329021625942,0.7603481346398099,
isolation_forest,033,average_precision,5,5,0.14517757174340423,0.005488448632890051,0.13758283629955806,0.15084816093743086,
isolation_forest,033,normal_row_count,5,5,13969.0,0.0,13969.0,13969.0,
isolation_forest,033,anomaly_row_count,5,5,485.0,0.0,485.0,485.0,
isolation_forest,034,precision,5,5,0.7513257420319034,0.024211060472334026,0.7232704402515723,0.7762711864406779,
isolation_forest,034,recall,5,5,0.4503968253968253,0.007290148043997559,0.44246031746031744,0.45634920634920634,
isolation_forest,034,f1_score,5,5,0.5630315345172863,0.008319227101970961,0.5512978986402967,0.5732165206508135,
isolation_forest,034,false_positive_rate,5,5,0.0215922107674685,0.0028608233089901895,0.01861397479954181,0.025200458190148912,
isolation_forest,034,roc_auc,5,5,0.8552677662321134,0.0020973408658604715,0.8519492968053964,0.8566857465590283,
isolation_forest,034,average_precision,5,5,0.5917416392732264,0.00568947225453179,0.5852068497587871,0.5982200111063776,
isolation_forest,034,normal_row_count,5,5,3492.0,0.0,3492.0,3492.0,
isolation_forest,034,anomaly_row_count,5,5,504.0,0.0,504.0,504.0,
isolation_forest,035,precision,5,5,0.4451712524196271,0.01613163950141098,0.425,0.4690721649484536,
isolation_forest,035,recall,5,5,0.4592039800995025,0.0051583187446088904,0.4527363184079602,0.4651741293532338,
isolation_forest,035,f1_score,5,5,0.4518963327849289,0.006683642027204806,0.44418052256532065,0.4607594936708861,
isolation_forest,035,false_positive_rate,5,5,0.03548784241305017,0.00259026131947319,0.0317020621729763,0.03893505694059711,
isolation_forest,035,roc_auc,5,5,0.8444052054286892,0.005598210767708153,0.8365932341983526,0.8516269452981322,
isolation_forest,035,average_precision,5,5,0.416648277911195,0.010427563862822068,0.40396143172549465,0.43076520508830796,
isolation_forest,035,normal_row_count,5,5,6498.0,0.0,6498.0,6498.0,
isolation_forest,035,anomaly_row_count,5,5,402.0,0.0,402.0,402.0,
isolation_forest,036,precision,5,5,0.2562909252446584,0.034652670998711194,0.2143283582089552,0.2936802973977695,
isolation_forest,036,recall,5,5,0.43702770780856426,0.03192390895626341,0.3979848866498741,0.482367758186398,
isolation_forest,036,f1_score,5,5,0.32067704823504917,0.02117827612399058,0.2908059943296881,0.34165834165834164,
isolation_forest,036,false_positive_rate,5,5,0.02677616797086852,0.006664512356152441,0.019627592262596524,0.03398672554944345,
isolation_forest,036,roc_auc,5,5,0.6187601680874423,0.01028931666065325,0.6077428093256694,0.6315187568341549,
isolation_forest,036,average_precision,5,5,0.19423461142782744,0.016080644659544112,0.17439478221633864,0.21186599202455073,
isolation_forest,036,normal_row_count,5,5,38721.0,0.0,38721.0,38721.0,
isolation_forest,036,anomaly_row_count,5,5,794.0,0.0,794.0,794.0,
isolation_forest,037,precision,5,5,0.40022650897967293,0.006960258914826102,0.3911504424778761,0.4101123595505618,
isolation_forest,037,recall,5,5,0.40588235294117647,0.014439218299011401,0.39338235294117646,0.43014705882352944,
isolation_forest,037,f1_score,5,5,0.40291723011360353,0.008079252979708894,0.3970315398886827,0.41563055062166965,
isolation_forest,037,false_positive_rate,5,5,0.04000483442107808,0.001755600561558371,0.03807106598984772,0.04205946337926034,
isolation_forest,037,roc_auc,5,5,0.8469776647968832,0.008381045412684661,0.8374931349443332,0.858261372442378,
isolation_forest,037,average_precision,5,5,0.3371176626811069,0.014335608347406485,0.31290325807914543,0.3470929926976984,
isolation_forest,037,normal_row_count,5,5,8274.0,0.0,8274.0,8274.0,
isolation_forest,037,anomaly_row_count,5,5,544.0,0.0,544.0,544.0,
isolation_forest,038,precision,5,5,0.25664778526488685,0.014015303551862614,0.24102564102564103,0.2756598240469208,
isolation_forest,038,recall,5,5,0.41531728665207873,0.008942151746915775,0.40919037199124725,0.4310722100656455,
isolation_forest,038,f1_score,5,5,0.31705869141706017,0.011180493020690825,0.3039611964430073,0.3301141352063213,
isolation_forest,038,false_positive_rate,5,5,0.06011774967291757,0.004362870333685021,0.0538595726122983,0.06454426515481901,
isolation_forest,038,roc_auc,5,5,0.7617934327765696,0.007660684381472378,0.7502708986822229,0.7717253347405909,
isolation_forest,038,average_precision,5,5,0.2231044608247749,0.011173233746555801,0.20832931593107104,0.23868711301282228,
isolation_forest,038,normal_row_count,5,5,9172.0,0.0,9172.0,9172.0,
isolation_forest,038,anomaly_row_count,5,5,457.0,0.0,457.0,457.0,
isolation_forest,039,precision,5,5,0.23982657419008574,0.004471812686573385,0.23642533936651583,0.2470997679814385,
isolation_forest,039,recall,5,5,0.4724832214765101,0.0036759903188266115,0.46756152125279643,0.47651006711409394,
isolation_forest,039,f1_score,5,5,0.3181489590347215,0.0045946507504475926,0.3140495867768595,0.3254392666157372,
isolation_forest,039,false_positive_rate,5,5,0.10019452341762683,0.0018974553325329792,0.09711207541523267,0.10204997755499028,
isolation_forest,039,roc_auc,5,5,0.7641146640395461,0.003239464747890178,0.7596877582808026,0.767630546771149,
isolation_forest,039,average_precision,5,5,0.19866819652375048,0.018565528825068497,0.18304703555420446,0.22523919611075402,
isolation_forest,039,normal_row_count,5,5,6683.0,0.0,6683.0,6683.0,
isolation_forest,039,anomaly_row_count,5,5,447.0,0.0,447.0,447.0,
statistical_rule,020,precision,1,1,0.29240506329113924,,0.29240506329113924,0.29240506329113924,deterministic_single_run_std_undefined
statistical_rule,020,recall,1,1,0.4592445328031809,,0.4592445328031809,0.4592445328031809,deterministic_single_run_std_undefined
statistical_rule,020,f1_score,1,1,0.35730858468677495,,0.35730858468677495,0.35730858468677495,deterministic_single_run_std_undefined
statistical_rule,020,false_positive_rate,1,1,0.0977101905261318,,0.0977101905261318,0.0977101905261318,deterministic_single_run_std_undefined
statistical_rule,020,roc_auc,1,1,0.717708084650635,,0.717708084650635,0.717708084650635,deterministic_single_run_std_undefined
statistical_rule,020,average_precision,1,1,0.20107228889823348,,0.20107228889823348,0.20107228889823348,deterministic_single_run_std_undefined
statistical_rule,020,normal_row_count,1,1,5721.0,,5721.0,5721.0,deterministic_single_run_std_undefined
statistical_rule,020,anomaly_row_count,1,1,503.0,,503.0,503.0,deterministic_single_run_std_undefined
statistical_rule,021,precision,1,0,,,,,no_defined_seeds
statistical_rule,021,recall,1,0,,,,,no_defined_seeds
statistical_rule,021,f1_score,1,0,,,,,no_defined_seeds
statistical_rule,021,false_positive_rate,1,0,,,,,no_defined_seeds
statistical_rule,021,roc_auc,1,0,,,,,no_defined_seeds
statistical_rule,021,average_precision,1,0,,,,,no_defined_seeds
statistical_rule,021,normal_row_count,1,1,0.0,,0.0,0.0,deterministic_single_run_std_undefined
statistical_rule,021,anomaly_row_count,1,1,0.0,,0.0,0.0,deterministic_single_run_std_undefined
statistical_rule,022,precision,1,1,0.1413237924865832,,0.1413237924865832,0.1413237924865832,deterministic_single_run_std_undefined
statistical_rule,022,recall,1,1,0.4324817518248175,,0.4324817518248175,0.4324817518248175,deterministic_single_run_std_undefined
statistical_rule,022,f1_score,1,1,0.21303370786516854,,0.21303370786516854,0.21303370786516854,deterministic_single_run_std_undefined
statistical_rule,022,false_positive_rate,1,1,0.06811731315042574,,0.06811731315042574,0.06811731315042574,deterministic_single_run_std_undefined
statistical_rule,022,roc_auc,1,1,0.7226891974946308,,0.7226891974946308,0.7226891974946308,deterministic_single_run_std_undefined
statistical_rule,022,average_precision,1,1,0.17500227935512422,,0.17500227935512422,0.17500227935512422,deterministic_single_run_std_undefined
statistical_rule,022,normal_row_count,1,1,21140.0,,21140.0,21140.0,deterministic_single_run_std_undefined
statistical_rule,022,anomaly_row_count,1,1,548.0,,548.0,548.0,deterministic_single_run_std_undefined
statistical_rule,023,precision,1,1,0.12295786758383491,,0.12295786758383491,0.12295786758383491,deterministic_single_run_std_undefined
statistical_rule,023,recall,1,1,0.3844086021505376,,0.3844086021505376,0.3844086021505376,deterministic_single_run_std_undefined
statistical_rule,023,f1_score,1,1,0.18631921824104233,,0.18631921824104233,0.18631921824104233,deterministic_single_run_std_undefined
statistical_rule,023,false_positive_rate,1,1,0.04724847137298499,,0.04724847137298499,0.04724847137298499,deterministic_single_run_std_undefined
statistical_rule,023,roc_auc,1,1,0.7201663708033734,,0.7201663708033734,0.7201663708033734,deterministic_single_run_std_undefined
statistical_rule,023,average_precision,1,1,0.16559556874959178,,0.16559556874959178,0.16559556874959178,deterministic_single_run_std_undefined
statistical_rule,023,normal_row_count,1,1,21588.0,,21588.0,21588.0,deterministic_single_run_std_undefined
statistical_rule,023,anomaly_row_count,1,1,372.0,,372.0,372.0,deterministic_single_run_std_undefined
statistical_rule,024,precision,1,1,0.3333333333333333,,0.3333333333333333,0.3333333333333333,deterministic_single_run_std_undefined
statistical_rule,024,recall,1,1,0.3568627450980392,,0.3568627450980392,0.3568627450980392,deterministic_single_run_std_undefined
statistical_rule,024,f1_score,1,1,0.3446969696969697,,0.3446969696969697,0.3446969696969697,deterministic_single_run_std_undefined
statistical_rule,024,false_positive_rate,1,1,0.040697674418604654,,0.040697674418604654,0.040697674418604654,deterministic_single_run_std_undefined
statistical_rule,024,roc_auc,1,1,0.7020090146971132,,0.7020090146971132,0.7020090146971132,deterministic_single_run_std_undefined
statistical_rule,024,average_precision,1,1,0.23115368860546326,,0.23115368860546326,0.23115368860546326,deterministic_single_run_std_undefined
statistical_rule,024,normal_row_count,1,1,4472.0,,4472.0,4472.0,deterministic_single_run_std_undefined
statistical_rule,024,anomaly_row_count,1,1,255.0,,255.0,255.0,deterministic_single_run_std_undefined
statistical_rule,025,precision,1,1,0.7142857142857143,,0.7142857142857143,0.7142857142857143,deterministic_single_run_std_undefined
statistical_rule,025,recall,1,1,0.30523255813953487,,0.30523255813953487,0.30523255813953487,deterministic_single_run_std_undefined
statistical_rule,025,f1_score,1,1,0.42769857433808556,,0.42769857433808556,0.42769857433808556,deterministic_single_run_std_undefined
statistical_rule,025,false_positive_rate,1,1,0.031180400890868598,,0.031180400890868598,0.031180400890868598,deterministic_single_run_std_undefined
statistical_rule,025,roc_auc,1,1,0.5943256763522728,,0.5943256763522728,0.5943256763522728,deterministic_single_run_std_undefined
statistical_rule,025,average_precision,1,1,0.38460354145435505,,0.38460354145435505,0.38460354145435505,deterministic_single_run_std_undefined
statistical_rule,025,normal_row_count,1,1,1347.0,,1347.0,1347.0,deterministic_single_run_std_undefined
statistical_rule,025,anomaly_row_count,1,1,344.0,,344.0,344.0,deterministic_single_run_std_undefined
statistical_rule,026,precision,1,1,0.43157894736842106,,0.43157894736842106,0.43157894736842106,deterministic_single_run_std_undefined
statistical_rule,026,recall,1,1,0.2808219178082192,,0.2808219178082192,0.2808219178082192,deterministic_single_run_std_undefined
statistical_rule,026,f1_score,1,1,0.34024896265560167,,0.34024896265560167,0.34024896265560167,deterministic_single_run_std_undefined
statistical_rule,026,false_positive_rate,1,1,0.04526404023470243,,0.04526404023470243,0.04526404023470243,deterministic_single_run_std_undefined
statistical_rule,026,roc_auc,1,1,0.7055776912762296,,0.7055776912762296,0.7055776912762296,deterministic_single_run_std_undefined
statistical_rule,026,average_precision,1,1,0.27447778494650804,,0.27447778494650804,0.27447778494650804,deterministic_single_run_std_undefined
statistical_rule,026,normal_row_count,1,1,3579.0,,3579.0,3579.0,deterministic_single_run_std_undefined
statistical_rule,026,anomaly_row_count,1,1,438.0,,438.0,438.0,deterministic_single_run_std_undefined
statistical_rule,027,precision,1,1,0.103328173374613,,0.103328173374613,0.103328173374613,deterministic_single_run_std_undefined
statistical_rule,027,recall,1,1,0.5287128712871287,,0.5287128712871287,0.5287128712871287,deterministic_single_run_std_undefined
statistical_rule,027,f1_score,1,1,0.1728714794431855,,0.1728714794431855,0.1728714794431855,deterministic_single_run_std_undefined
statistical_rule,027,false_positive_rate,1,1,0.14975439503619442,,0.14975439503619442,0.14975439503619442,deterministic_single_run_std_undefined
statistical_rule,027,roc_auc,1,1,0.6830178053999816,,0.6830178053999816,0.6830178053999816,deterministic_single_run_std_undefined
statistical_rule,027,average_precision,1,1,0.15985249826739373,,0.15985249826739373,0.15985249826739373,deterministic_single_run_std_undefined
statistical_rule,027,normal_row_count,1,1,15472.0,,15472.0,15472.0,deterministic_single_run_std_undefined
statistical_rule,027,anomaly_row_count,1,1,505.0,,505.0,505.0,deterministic_single_run_std_undefined
statistical_rule,028,precision,1,1,0.17258883248730963,,0.17258883248730963,0.17258883248730963,deterministic_single_run_std_undefined
statistical_rule,028,recall,1,1,0.3251366120218579,,0.3251366120218579,0.3251366120218579,deterministic_single_run_std_undefined
statistical_rule,028,f1_score,1,1,0.2254855518711511,,0.2254855518711511,0.2254855518711511,deterministic_single_run_std_undefined
statistical_rule,028,false_positive_rate,1,1,0.043142889552690286,,0.043142889552690286,0.043142889552690286,deterministic_single_run_std_undefined
statistical_rule,028,roc_auc,1,1,0.6922380434650103,,0.6922380434650103,0.6922380434650103,deterministic_single_run_std_undefined
statistical_rule,028,average_precision,1,1,0.13182216495702934,,0.13182216495702934,0.13182216495702934,deterministic_single_run_std_undefined
statistical_rule,028,normal_row_count,1,1,26447.0,,26447.0,26447.0,deterministic_single_run_std_undefined
statistical_rule,028,anomaly_row_count,1,1,732.0,,732.0,732.0,deterministic_single_run_std_undefined
statistical_rule,029,precision,1,1,0.5088888888888888,,0.5088888888888888,0.5088888888888888,deterministic_single_run_std_undefined
statistical_rule,029,recall,1,1,0.38813559322033897,,0.38813559322033897,0.38813559322033897,deterministic_single_run_std_undefined
statistical_rule,029,f1_score,1,1,0.4403846153846154,,0.4403846153846154,0.4403846153846154,deterministic_single_run_std_undefined
statistical_rule,029,false_positive_rate,1,1,0.03418935643564357,,0.03418935643564357,0.03418935643564357,deterministic_single_run_std_undefined
statistical_rule,029,roc_auc,1,1,0.7429131618140628,,0.7429131618140628,0.7429131618140628,deterministic_single_run_std_undefined
statistical_rule,029,average_precision,1,1,0.30904712209579854,,0.30904712209579854,0.30904712209579854,deterministic_single_run_std_undefined
statistical_rule,029,normal_row_count,1,1,6464.0,,6464.0,6464.0,deterministic_single_run_std_undefined
statistical_rule,029,anomaly_row_count,1,1,590.0,,590.0,590.0,deterministic_single_run_std_undefined
statistical_rule,030,precision,1,1,0.25584795321637427,,0.25584795321637427,0.25584795321637427,deterministic_single_run_std_undefined
statistical_rule,030,recall,1,1,0.3514056224899598,,0.3514056224899598,0.3514056224899598,deterministic_single_run_std_undefined
statistical_rule,030,f1_score,1,1,0.2961082910321489,,0.2961082910321489,0.2961082910321489,deterministic_single_run_std_undefined
statistical_rule,030,false_positive_rate,1,1,0.1261149653121903,,0.1261149653121903,0.1261149653121903,deterministic_single_run_std_undefined
statistical_rule,030,roc_auc,1,1,0.6153392061805198,,0.6153392061805198,0.6153392061805198,deterministic_single_run_std_undefined
statistical_rule,030,average_precision,1,1,0.21177019401375172,,0.21177019401375172,0.21177019401375172,deterministic_single_run_std_undefined
statistical_rule,030,normal_row_count,1,1,4036.0,,4036.0,4036.0,deterministic_single_run_std_undefined
statistical_rule,030,anomaly_row_count,1,1,498.0,,498.0,498.0,deterministic_single_run_std_undefined
statistical_rule,031,precision,1,1,0.29386590584878747,,0.29386590584878747,0.29386590584878747,deterministic_single_run_std_undefined
statistical_rule,031,recall,1,1,0.40551181102362205,,0.40551181102362205,0.40551181102362205,deterministic_single_run_std_undefined
statistical_rule,031,f1_score,1,1,0.34077750206782464,,0.34077750206782464,0.34077750206782464,deterministic_single_run_std_undefined
statistical_rule,031,false_positive_rate,1,1,0.025894538606403013,,0.025894538606403013,0.025894538606403013,deterministic_single_run_std_undefined
statistical_rule,031,roc_auc,1,1,0.7176648822851945,,0.7176648822851945,0.7176648822851945,deterministic_single_run_std_undefined
statistical_rule,031,average_precision,1,1,0.21693561269474995,,0.21693561269474995,0.21693561269474995,deterministic_single_run_std_undefined
statistical_rule,031,normal_row_count,1,1,19116.0,,19116.0,19116.0,deterministic_single_run_std_undefined
statistical_rule,031,anomaly_row_count,1,1,508.0,,508.0,508.0,deterministic_single_run_std_undefined
statistical_rule,032,precision,1,1,0.22759856630824374,,0.22759856630824374,0.22759856630824374,deterministic_single_run_std_undefined
statistical_rule,032,recall,1,1,0.3768545994065282,,0.3768545994065282,0.3768545994065282,deterministic_single_run_std_undefined
statistical_rule,032,f1_score,1,1,0.2837988826815642,,0.2837988826815642,0.2837988826815642,deterministic_single_run_std_undefined
statistical_rule,032,false_positive_rate,1,1,0.06072132995209918,,0.06072132995209918,0.06072132995209918,deterministic_single_run_std_undefined
statistical_rule,032,roc_auc,1,1,0.6964474884470319,,0.6964474884470319,0.6964474884470319,deterministic_single_run_std_undefined
statistical_rule,032,average_precision,1,1,0.14727574022571882,,0.14727574022571882,0.14727574022571882,deterministic_single_run_std_undefined
statistical_rule,032,normal_row_count,1,1,7098.0,,7098.0,7098.0,deterministic_single_run_std_undefined
statistical_rule,032,anomaly_row_count,1,1,337.0,,337.0,337.0,deterministic_single_run_std_undefined
statistical_rule,033,precision,1,1,0.0981012658227848,,0.0981012658227848,0.0981012658227848,deterministic_single_run_std_undefined
statistical_rule,033,recall,1,1,0.3835051546391753,,0.3835051546391753,0.3835051546391753,deterministic_single_run_std_undefined
statistical_rule,033,f1_score,1,1,0.15623687526249475,,0.15623687526249475,0.15623687526249475,deterministic_single_run_std_undefined
statistical_rule,033,false_positive_rate,1,1,0.12241391652945809,,0.12241391652945809,0.12241391652945809,deterministic_single_run_std_undefined
statistical_rule,033,roc_auc,1,1,0.6504362753165515,,0.6504362753165515,0.6504362753165515,deterministic_single_run_std_undefined
statistical_rule,033,average_precision,1,1,0.08822263980566833,,0.08822263980566833,0.08822263980566833,deterministic_single_run_std_undefined
statistical_rule,033,normal_row_count,1,1,13969.0,,13969.0,13969.0,deterministic_single_run_std_undefined
statistical_rule,033,anomaly_row_count,1,1,485.0,,485.0,485.0,deterministic_single_run_std_undefined
statistical_rule,034,precision,1,1,0.5012468827930174,,0.5012468827930174,0.5012468827930174,deterministic_single_run_std_undefined
statistical_rule,034,recall,1,1,0.39880952380952384,,0.39880952380952384,0.39880952380952384,deterministic_single_run_std_undefined
statistical_rule,034,f1_score,1,1,0.44419889502762433,,0.44419889502762433,0.44419889502762433,deterministic_single_run_std_undefined
statistical_rule,034,false_positive_rate,1,1,0.0572737686139748,,0.0572737686139748,0.0572737686139748,deterministic_single_run_std_undefined
statistical_rule,034,roc_auc,1,1,0.6822879734176985,,0.6822879734176985,0.6822879734176985,deterministic_single_run_std_undefined
statistical_rule,034,average_precision,1,1,0.3426648078119804,,0.3426648078119804,0.3426648078119804,deterministic_single_run_std_undefined
statistical_rule,034,normal_row_count,1,1,3492.0,,3492.0,3492.0,deterministic_single_run_std_undefined
statistical_rule,034,anomaly_row_count,1,1,504.0,,504.0,504.0,deterministic_single_run_std_undefined
statistical_rule,035,precision,1,1,0.5615384615384615,,0.5615384615384615,0.5615384615384615,deterministic_single_run_std_undefined
statistical_rule,035,recall,1,1,0.36318407960199006,,0.36318407960199006,0.36318407960199006,deterministic_single_run_std_undefined
statistical_rule,035,f1_score,1,1,0.44108761329305135,,0.44108761329305135,0.44108761329305135,deterministic_single_run_std_undefined
statistical_rule,035,false_positive_rate,1,1,0.017543859649122806,,0.017543859649122806,0.017543859649122806,deterministic_single_run_std_undefined
statistical_rule,035,roc_auc,1,1,0.7961022067256822,,0.7961022067256822,0.7961022067256822,deterministic_single_run_std_undefined
statistical_rule,035,average_precision,1,1,0.3455580049607467,,0.3455580049607467,0.3455580049607467,deterministic_single_run_std_undefined
statistical_rule,035,normal_row_count,1,1,6498.0,,6498.0,6498.0,deterministic_single_run_std_undefined
statistical_rule,035,anomaly_row_count,1,1,402.0,,402.0,402.0,deterministic_single_run_std_undefined
statistical_rule,036,precision,1,1,0.3023696682464455,,0.3023696682464455,0.3023696682464455,deterministic_single_run_std_undefined
statistical_rule,036,recall,1,1,0.4017632241813602,,0.4017632241813602,0.4017632241813602,deterministic_single_run_std_undefined
statistical_rule,036,f1_score,1,1,0.34505137912385075,,0.34505137912385075,0.34505137912385075,deterministic_single_run_std_undefined
statistical_rule,036,false_positive_rate,1,1,0.01900777355956716,,0.01900777355956716,0.01900777355956716,deterministic_single_run_std_undefined
statistical_rule,036,roc_auc,1,1,0.7043394692652736,,0.7043394692652736,0.7043394692652736,deterministic_single_run_std_undefined
statistical_rule,036,average_precision,1,1,0.19550298013770315,,0.19550298013770315,0.19550298013770315,deterministic_single_run_std_undefined
statistical_rule,036,normal_row_count,1,1,38721.0,,38721.0,38721.0,deterministic_single_run_std_undefined
statistical_rule,036,anomaly_row_count,1,1,794.0,,794.0,794.0,deterministic_single_run_std_undefined
statistical_rule,037,precision,1,1,0.4954954954954955,,0.4954954954954955,0.4954954954954955,deterministic_single_run_std_undefined
statistical_rule,037,recall,1,1,0.40441176470588236,,0.40441176470588236,0.40441176470588236,deterministic_single_run_std_undefined
statistical_rule,037,f1_score,1,1,0.44534412955465585,,0.44534412955465585,0.44534412955465585,deterministic_single_run_std_undefined
statistical_rule,037,false_positive_rate,1,1,0.02707275803722504,,0.02707275803722504,0.02707275803722504,deterministic_single_run_std_undefined
statistical_rule,037,roc_auc,1,1,0.6847115432467403,,0.6847115432467403,0.6847115432467403,deterministic_single_run_std_undefined
statistical_rule,037,average_precision,1,1,0.25359365328175876,,0.25359365328175876,0.25359365328175876,deterministic_single_run_std_undefined
statistical_rule,037,normal_row_count,1,1,8274.0,,8274.0,8274.0,deterministic_single_run_std_undefined
statistical_rule,037,anomaly_row_count,1,1,544.0,,544.0,544.0,deterministic_single_run_std_undefined
statistical_rule,038,precision,1,1,0.27419354838709675,,0.27419354838709675,0.27419354838709675,deterministic_single_run_std_undefined
statistical_rule,038,recall,1,1,0.3347921225382932,,0.3347921225382932,0.3347921225382932,deterministic_single_run_std_undefined
statistical_rule,038,f1_score,1,1,0.30147783251231525,,0.30147783251231525,0.30147783251231525,deterministic_single_run_std_undefined
statistical_rule,038,false_positive_rate,1,1,0.04415612734409071,,0.04415612734409071,0.04415612734409071,deterministic_single_run_std_undefined
statistical_rule,038,roc_auc,1,1,0.6628417188264922,,0.6628417188264922,0.6628417188264922,deterministic_single_run_std_undefined
statistical_rule,038,average_precision,1,1,0.1488163102495242,,0.1488163102495242,0.1488163102495242,deterministic_single_run_std_undefined
statistical_rule,038,normal_row_count,1,1,9172.0,,9172.0,9172.0,deterministic_single_run_std_undefined
statistical_rule,038,anomaly_row_count,1,1,457.0,,457.0,457.0,deterministic_single_run_std_undefined
statistical_rule,039,precision,1,1,0.28059701492537314,,0.28059701492537314,0.28059701492537314,deterministic_single_run_std_undefined
statistical_rule,039,recall,1,1,0.42058165548098436,,0.42058165548098436,0.42058165548098436,deterministic_single_run_std_undefined
statistical_rule,039,f1_score,1,1,0.3366159355416294,,0.3366159355416294,0.3366159355416294,deterministic_single_run_std_undefined
statistical_rule,039,false_positive_rate,1,1,0.07212329792009577,,0.07212329792009577,0.07212329792009577,deterministic_single_run_std_undefined
statistical_rule,039,roc_auc,1,1,0.7259512851232601,,0.7259512851232601,0.7259512851232601,deterministic_single_run_std_undefined
statistical_rule,039,average_precision,1,1,0.2432552923082877,,0.2432552923082877,0.2432552923082877,deterministic_single_run_std_undefined
statistical_rule,039,normal_row_count,1,1,6683.0,,6683.0,6683.0,deterministic_single_run_std_undefined
statistical_rule,039,anomaly_row_count,1,1,447.0,,447.0,447.0,deterministic_single_run_std_undefined
