model,seed,deterministic,reused_existing,anomaly_type,anomaly_row_count,detected_anomaly_row_count,recall,comparison_normal_row_count,roc_auc,average_precision,anomaly_score_mean,anomaly_score_median,anomaly_score_p95,anomaly_score_p99,na_reasons
statistical_rule,,True,False,route_deviation,1762,362,0.2054483541430193,223289,0.6169080534625653,0.01935370928505547,11.735251262138881,4.266878810624831,43.36972387262599,137.88494881247047,{}
statistical_rule,,True,False,abnormal_speed,1620,230,0.1419753086419753,223289,0.58833493840596,0.11139043061703219,2245.2411694513175,2.5623567110952004,2714.8146003684365,55262.029735575976,{}
statistical_rule,,True,False,long_stop,4040,1466,0.36287128712871286,223289,0.6301559218929923,0.04721325968245376,9.491385360275082,4.587286200532019,14.252419419264644,119.74787314933383,{}
statistical_rule,,True,False,direction_change,1841,1527,0.8294405214557306,223289,0.9588773180441803,0.15649230302833095,40.85456292384447,14.155019550994302,171.51131388331936,310.7528648112509,{}
isolation_forest,7.0,False,False,route_deviation,1762,212,0.12031782065834279,223289,0.5736822116417651,0.012608568449110322,0.4570910785441672,0.4388352103439534,0.5728531327397858,0.6394709941900976,{}
isolation_forest,7.0,False,False,abnormal_speed,1620,240,0.14814814814814814,223289,0.6701258995082994,0.013387518319233665,0.46695219621465256,0.4504325898067497,0.5549116864372086,0.5965434618993711,{}
isolation_forest,7.0,False,False,long_stop,4040,1586,0.3925742574257426,223289,0.7304182905482036,0.06695833111447337,0.49201799376541644,0.46050077114182547,0.5950682698161113,0.6556909338562482,{}
isolation_forest,7.0,False,False,direction_change,1841,1788,0.971211298207496,223289,0.9827919378293378,0.41533399124608833,0.613380645816002,0.609100508139422,0.7024127057875676,0.7100929483647198,{}
isolation_forest,21.0,False,False,route_deviation,1762,278,0.15777525539160045,223289,0.5770217169526496,0.012245194765561332,0.46149069615880894,0.44526261213578777,0.5699641315827968,0.6379526644657907,{}
isolation_forest,21.0,False,False,abnormal_speed,1620,256,0.1580246913580247,223289,0.6701746709366132,0.01313239677011836,0.4710061438490872,0.4598925499438877,0.5541191007922047,0.597018896665853,{}
isolation_forest,21.0,False,False,long_stop,4040,1603,0.3967821782178218,223289,0.7375109723273426,0.06519175970790146,0.49517825798199144,0.4650866788553872,0.5990395156938729,0.6536966949321693,{}
isolation_forest,21.0,False,False,direction_change,1841,1789,0.9717544812601847,223289,0.9776641953279923,0.33568092933584986,0.600673417497823,0.5920699326951082,0.6904222682857878,0.6982253150010137,{}
isolation_forest,42.0,False,False,route_deviation,1762,339,0.1923950056753689,223289,0.5733402595392465,0.015021953723139378,0.46249276127088096,0.4440872645309918,0.5821431686989056,0.6488866697184617,{}
isolation_forest,42.0,False,False,abnormal_speed,1620,399,0.2462962962962963,223289,0.679189504948163,0.015187039877073646,0.4725764592330133,0.4558073039830459,0.5501075546089992,0.6070227344719686,{}
isolation_forest,42.0,False,False,long_stop,4040,1560,0.38613861386138615,223289,0.7021346941088513,0.06044103526147322,0.48576685340129155,0.4582556348188919,0.5829772676687238,0.6372195310456829,{}
isolation_forest,42.0,False,False,direction_change,1841,1787,0.9706681151548072,223289,0.9807273999741103,0.41096057187197554,0.6024886595188718,0.595557750488441,0.6969241910375543,0.7150632798697633,{}
isolation_forest,100.0,False,False,route_deviation,1762,252,0.14301929625425652,223289,0.5662678093042499,0.012019526917893361,0.46353615325433195,0.4476897351632032,0.568221657182206,0.6330311844329642,{}
isolation_forest,100.0,False,False,abnormal_speed,1620,254,0.15679012345679014,223289,0.6712203898518496,0.012982440583391503,0.47387116397087975,0.46468165346627377,0.5533340332991178,0.5948397561308437,{}
isolation_forest,100.0,False,False,long_stop,4040,1603,0.3967821782178218,223289,0.7234877149841197,0.062048697285689895,0.49547944824494355,0.4643510536236798,0.5896999704828984,0.6517814458103524,{}
isolation_forest,100.0,False,False,direction_change,1841,1786,0.9701249321021184,223289,0.9796612005025875,0.3345619716734189,0.6021312532856327,0.5974451458686759,0.6848279144115836,0.6969619910537326,{}
isolation_forest,2026.0,False,False,route_deviation,1762,290,0.16458569807037457,223289,0.5822561771783227,0.014548940179402205,0.45902338957995237,0.4378754632143105,0.5807345439345288,0.6546877719296259,{}
isolation_forest,2026.0,False,False,abnormal_speed,1620,279,0.17222222222222222,223289,0.6768318077955663,0.014438189649467786,0.46774520578289,0.4504142333962772,0.5544611976676884,0.6096603484251728,{}
isolation_forest,2026.0,False,False,long_stop,4040,1586,0.3925742574257426,223289,0.7194759275917739,0.06198157877900195,0.48788122385880317,0.4546291904154557,0.5897102698123879,0.6467717685798776,{}
isolation_forest,2026.0,False,False,direction_change,1841,1782,0.9679521998913634,223289,0.9778159681007542,0.3431177352499346,0.6001535831424802,0.5897372879332065,0.69637460033266,0.7090583126935603,{}
autoencoder,7.0,False,True,route_deviation,1762,477,0.2707150964812713,223289,0.626805254632797,0.017258660328370878,0.059937701971033215,0.01407300541177392,0.1974723279476161,0.8573923820257159,{}
autoencoder,7.0,False,True,abnormal_speed,1620,1010,0.6234567901234568,223289,0.8821071031844961,0.15684458345351696,510.1381060801333,0.06548139452934265,789.5957794189453,11993.344462890625,{}
autoencoder,7.0,False,True,long_stop,4040,996,0.24653465346534653,223289,0.7360347320386504,0.06256183724072996,0.8479123711221193,0.022975461557507515,0.19978795945644365,41.87524841308597,{}
autoencoder,7.0,False,True,direction_change,1841,1799,0.9771863117870723,223289,0.9834485089363816,0.2867897221043471,1.248539073929992,0.47933149337768555,4.4302144050598145,4.874614810943603,{}
autoencoder,21.0,False,True,route_deviation,1762,529,0.30022701475595914,223289,0.7171004909885825,0.0222683277109821,0.07167319172723935,0.0130516248755157,0.2971505731344222,0.9996859872341155,{}
autoencoder,21.0,False,True,abnormal_speed,1620,1008,0.6222222222222222,223289,0.8793880822334604,0.15286111122698176,230.83498599623329,0.05852722004055977,582.110903930664,5207.636606445312,{}
autoencoder,21.0,False,True,long_stop,4040,980,0.24257425742574257,223289,0.7631655318470416,0.054124333664664376,0.1064413597261015,0.02104280237108469,0.09815869629383085,2.635085899829872,{}
autoencoder,21.0,False,True,direction_change,1841,1786,0.9701249321021184,223289,0.9800193127265188,0.34212677020569804,0.8330363392872135,0.34294673800468445,2.99381422996521,7.15173635482788,{}
autoencoder,42.0,False,True,route_deviation,1762,469,0.26617480136208854,223289,0.6361655541980484,0.020807134204189035,0.15438396424276038,0.04093797877430916,0.6262638300657263,1.3284066832065553,{}
autoencoder,42.0,False,True,abnormal_speed,1620,582,0.3592592592592593,223289,0.788536734959383,0.12678163842141782,495.8052149610216,0.10466880723834038,3238.7211181640623,8821.1935546875,{}
autoencoder,42.0,False,True,long_stop,4040,341,0.08440594059405941,223289,0.6154549387644809,0.03053620220445999,0.20652393127963325,0.03357646055519581,0.22414470016956323,2.3402466082572984,{}
autoencoder,42.0,False,True,direction_change,1841,1374,0.7463335143943509,223289,0.9541377175631012,0.29959824975228544,1.3193087672535482,0.4987226724624634,4.776167869567871,5.939945030212399,{}
autoencoder,100.0,False,True,route_deviation,1762,294,0.16685584562996594,223289,0.5942692044411744,0.014392021931954178,0.1285841362543587,0.031239439733326435,0.5450405567884442,1.393974637985221,{}
autoencoder,100.0,False,True,abnormal_speed,1620,374,0.2308641975308642,223289,0.7905968813378045,0.11710040423913869,1222.7584710117649,0.09207845106720924,820.0380462646477,30004.17578125,{}
autoencoder,100.0,False,True,long_stop,4040,239,0.059158415841584155,223289,0.6711770623463647,0.03917958870489538,0.6106570314936683,0.034191904589533806,0.20769783034920677,23.78316452026367,{}
autoencoder,100.0,False,True,direction_change,1841,1335,0.7251493753394894,223289,0.9524600129646885,0.19265557095266406,1.0674351128728807,0.44753918051719666,3.905536651611328,5.709222698211669,{}
autoencoder,2026.0,False,True,route_deviation,1762,380,0.21566401816118047,223289,0.6231766725062219,0.016384557104039504,0.15391975470261476,0.043190598487854004,0.6565599530935274,1.7029730558395384,{}
autoencoder,2026.0,False,True,abnormal_speed,1620,478,0.29506172839506173,223289,0.7848218267097687,0.118027244715772,1119.885530213282,0.10662933439016342,457.7710128784179,27792.2433203125,{}
autoencoder,2026.0,False,True,long_stop,4040,412,0.10198019801980197,223289,0.6027476196434857,0.03704042857143352,0.39616190302793725,0.02982345037162304,0.33380181789398056,12.515797023773201,{}
autoencoder,2026.0,False,True,direction_change,1841,1382,0.750678978815861,223289,0.9440108964141971,0.21833660392000712,1.394254855790349,0.5249876976013184,4.993224143981934,7.994654464721647,{}
