model,seed,deterministic,reused_existing,row_count,normal_row_count,anomaly_row_count,tn,fp,fn,tp,threshold,accuracy,precision,recall,false_positive_rate,f1_score,roc_auc,average_precision,metric_na_reasons,elapsed_seconds,user_macro_precision,user_macro_precision_defined_users,user_macro_recall,user_macro_recall_defined_users,user_macro_f1_score,user_macro_f1_score_defined_users,user_macro_false_positive_rate,user_macro_false_positive_rate_defined_users,user_macro_roc_auc,user_macro_roc_auc_defined_users,user_macro_average_precision,user_macro_average_precision_defined_users
statistical_rule,,True,False,232552,223289,9263,210899,12390,5678,3585,13.022437059583535,0.9223055488664901,0.2244131455399061,0.38702364244845083,0.055488626846821834,0.28409541168079877,0.6856545025786159,0.15992907169793827,{},0.0,0.32166028293062726,19,0.38430824959110393,19,0.32098657896209226,19,0.05945405616539334,19,0.6956193207783028,19,0.22243274593786247,19
isolation_forest,7.0,False,False,232552,223289,9263,211386,11903,5437,3826,0.5293137877261866,0.9254360315112319,0.24324496153601627,0.4130411313829213,0.05330759688117193,0.30617797695262483,0.7402182732888684,0.2148669780774807,{},0.0,0.35703951980758,19,0.4163533224175909,19,0.3537340165537364,19,0.05576975527136976,19,0.7724321471311185,19,0.2984670852750407,19
isolation_forest,21.0,False,False,232552,223289,9263,210584,12705,5337,3926,0.5226001235731801,0.922417351818088,0.23606517948409597,0.42383676994494224,0.05689935464801222,0.3032362709507994,0.7429363428683127,0.19349071886326857,{},0.0,0.34903688978321307,19,0.42465266087854053,19,0.35227488132608503,19,0.05761761377875536,19,0.7742349400508968,19,0.29021506791300417,19
isolation_forest,42.0,False,False,232552,223289,9263,210301,12988,5178,4085,0.5185322801154019,0.9218841377412363,0.23926667838106952,0.4410018352585555,0.05816677041860548,0.3102217496962333,0.7289923181341113,0.21355854484750758,{},0.0,0.3508344867756112,19,0.43771815223049515,19,0.35765582224495673,19,0.05806837617059625,19,0.7647579890560658,19,0.2978210036848874,19
isolation_forest,100.0,False,False,232552,223289,9263,210837,12452,5368,3895,0.5256011374090075,0.9233719770201934,0.23827001896372424,0.4204901219907157,0.05576629390610375,0.304178055447091,0.735354372256849,0.19108983157142237,{},0.0,0.34570341708080904,19,0.42271863488694206,19,0.35161011971736256,19,0.05817447206487654,19,0.7684888166915458,19,0.28083568505674894,19
isolation_forest,2026.0,False,False,232552,223289,9263,211075,12214,5326,3937,0.5226903290175668,0.9245760088066325,0.2437619961612284,0.4250242901867645,0.05470041067853768,0.3098292279845754,0.7372605913377175,0.19741709228693716,{},0.0,0.3571865060845766,19,0.4262612094466047,19,0.3575246386927824,19,0.056159864932608404,19,0.7685186211212601,19,0.2884240182931962,19
autoencoder,7.0,False,True,232552,223289,9263,207739,15550,4981,4282,0.03644596412777901,0.9117143692593485,0.21591367486889876,0.4622692432257368,0.06964068986828728,0.29434610757862173,0.7899766153740578,0.2415597458611434,{},0.0,0.27456566823797396,19,0.4612595591674864,19,0.32343244590749604,19,0.08099048576053067,19,0.7979406077062902,19,0.3269661421631948,19
autoencoder,21.0,False,True,232552,223289,9263,205178,18111,4960,4303,0.030056439340114594,0.9007920809109361,0.19197822789328098,0.4645363273237612,0.08111013081701293,0.2716797676547653,0.8178283560111904,0.24761968875845478,{},0.0,0.24637683043701883,19,0.45949891881063476,19,0.2999734814935516,19,0.09136189096813319,19,0.8068778466758708,19,0.29873113488389225,19
autoencoder,42.0,False,True,232552,223289,9263,210637,12652,6497,2766,0.14424675703048706,0.9176571261481303,0.17940070047995849,0.2986073626254993,0.05666199409733574,0.22414002674121794,0.7169770816985139,0.18824606103981675,{},0.0,0.24987740381067264,19,0.29528209125587235,19,0.24920831910777164,19,0.06013377317353034,19,0.7429744583925061,19,0.24357480064564496,19
autoencoder,100.0,False,True,232552,223289,9263,210662,12627,7021,2242,0.18177686631679535,0.9155113695001548,0.15078350931468154,0.24203821656050956,0.05655003157343174,0.1858113707939665,0.7333373099147034,0.15840203552464346,{},0.0,0.2121350463286403,19,0.23966238421482833,19,0.20695133241064184,19,0.06025467095809643,19,0.7614535323559858,19,0.22875408525988955,19
autoencoder,2026.0,False,True,232552,223289,9263,209479,13810,6611,2652,0.1723373532295227,0.9121873817468781,0.1610982869639169,0.28630033466479543,0.06184809820456897,0.20618075801749272,0.7063017488809249,0.16749841039610916,{},0.0,0.2396451057540445,19,0.28018126897142964,19,0.23584565650757058,19,0.06099940031642483,19,0.7302018771954765,19,0.23817317518743697,19
