model,evaluation,metric,run_count,defined_run_count,mean,sample_std,min,max,na_reason
autoencoder,LOCKED,event_count,5,5,84.0,0.0,84.0,84.0,
autoencoder,LOCKED,raw_detected_count,5,5,75.6,5.941380311005179,68.0,83.0,
autoencoder,LOCKED,raw_event_detection_rate,5,5,0.9,0.07073071798815689,0.8095238095238095,0.9880952380952381,
autoencoder,LOCKED,raw_early10_rate,5,5,0.7,0.138423255749987,0.5119047619047619,0.8928571428571429,
autoencoder,LOCKED,raw_early25_rate,5,5,0.7690476190476191,0.11499038705755477,0.6309523809523809,0.9404761904761905,
autoencoder,LOCKED,raw_early50_rate,5,5,0.8261904761904763,0.10601255648044375,0.6904761904761905,0.9642857142857143,
autoencoder,LOCKED,raw_delay_points_mean,5,5,2.7580243359482313,0.8868462582167917,1.5301204819277108,3.9558823529411766,
autoencoder,LOCKED,raw_delay_points_median,5,5,1.0,0.0,1.0,1.0,
autoencoder,LOCKED,raw_delay_points_p90,5,5,8.180000000000001,4.394542069431127,1.0,12.600000000000009,
autoencoder,LOCKED,raw_delay_points_p95,5,5,11.179999999999993,5.6278992528295975,2.0,16.299999999999997,
autoencoder,LOCKED,raw_delay_seconds_mean,5,5,20.595581192728314,9.4515518976737,5.9879518072289155,30.529411764705884,
autoencoder,LOCKED,raw_delay_seconds_median,5,5,2.4,0.5477225575051661,2.0,3.0,
autoencoder,LOCKED,raw_delay_seconds_p90,5,5,45.56,27.506053879100858,5.0,71.50000000000003,
autoencoder,LOCKED,raw_delay_seconds_p95,5,5,75.79999999999994,43.6586188512646,10.0,112.99999999999983,
autoencoder,LOCKED,raw_coverage_median,5,5,0.17820214872846452,0.07840820060299555,0.09545454545454546,0.2967032967032967,
autoencoder,LOCKED,raw_coverage_mean,5,5,0.26785206861428434,0.05693842583725592,0.18919437843660025,0.32778481391265696,
autoencoder,LOCKED,gate_detected_count,5,5,75.6,5.941380311005179,68.0,83.0,
autoencoder,LOCKED,gate_event_detection_rate,5,5,0.9,0.07073071798815689,0.8095238095238095,0.9880952380952381,
autoencoder,LOCKED,gate_early10_rate,5,5,0.7,0.138423255749987,0.5119047619047619,0.8928571428571429,
autoencoder,LOCKED,gate_early25_rate,5,5,0.7690476190476191,0.11499038705755477,0.6309523809523809,0.9404761904761905,
autoencoder,LOCKED,gate_early50_rate,5,5,0.8261904761904763,0.10601255648044375,0.6904761904761905,0.9642857142857143,
autoencoder,LOCKED,gate_delay_points_mean,5,5,2.7580243359482313,0.8868462582167917,1.5301204819277108,3.9558823529411766,
autoencoder,LOCKED,gate_delay_points_median,5,5,1.0,0.0,1.0,1.0,
autoencoder,LOCKED,gate_delay_points_p90,5,5,8.180000000000001,4.394542069431127,1.0,12.600000000000009,
autoencoder,LOCKED,gate_delay_points_p95,5,5,11.179999999999993,5.6278992528295975,2.0,16.299999999999997,
autoencoder,LOCKED,gate_delay_seconds_mean,5,5,20.595581192728314,9.4515518976737,5.9879518072289155,30.529411764705884,
autoencoder,LOCKED,gate_delay_seconds_median,5,5,2.4,0.5477225575051661,2.0,3.0,
autoencoder,LOCKED,gate_delay_seconds_p90,5,5,45.56,27.506053879100858,5.0,71.50000000000003,
autoencoder,LOCKED,gate_delay_seconds_p95,5,5,75.79999999999994,43.6586188512646,10.0,112.99999999999983,
autoencoder,LOCKED,gate_coverage_median,5,5,0.17820214872846452,0.07840820060299555,0.09545454545454546,0.2967032967032967,
autoencoder,LOCKED,gate_coverage_mean,5,5,0.26785206861428434,0.05693842583725592,0.18919437843660025,0.32778481391265696,
autoencoder,LOCKED,notification_detected_count,5,5,54.2,2.774887385102322,52.0,59.0,
autoencoder,LOCKED,notification_event_detection_rate,5,5,0.6452380952380952,0.033034373632170475,0.6190476190476191,0.7023809523809523,
autoencoder,LOCKED,notification_early10_rate,5,5,0.30476190476190473,0.038206682228288595,0.25,0.34523809523809523,
autoencoder,LOCKED,notification_early25_rate,5,5,0.36904761904761907,0.030351306628528488,0.3333333333333333,0.40476190476190477,
autoencoder,LOCKED,notification_early50_rate,5,5,0.4642857142857143,0.02916059217599022,0.42857142857142855,0.5,
autoencoder,LOCKED,notification_delay_points_mean,5,5,6.346306773921101,0.513705539655851,5.528301886792453,6.915254237288136,
autoencoder,LOCKED,notification_delay_points_median,5,5,2.1,1.7464249196572983,1.0,5.0,
autoencoder,LOCKED,notification_delay_points_p90,5,5,16.720000000000006,1.7810109488714545,14.400000000000006,19.400000000000006,
autoencoder,LOCKED,notification_delay_points_p95,5,5,20.359999999999996,0.4615192303685731,19.999999999999993,21.0,
autoencoder,LOCKED,notification_delay_seconds_mean,5,5,39.3234530698074,5.799795626053981,31.528301886792452,46.44230769230769,
autoencoder,LOCKED,notification_delay_seconds_median,5,5,6.9,3.471310991541956,5.0,13.0,
autoencoder,LOCKED,notification_delay_seconds_p90,5,5,85.38000000000002,14.162697483177396,67.00000000000006,103.99999999999999,
autoencoder,LOCKED,notification_delay_seconds_p95,5,5,149.64999999999958,61.71626608925688,98.6,237.24999999999937,
autoencoder,LOCKED,notification_coverage_median,5,5,0.03884045584045584,0.0019987638325486886,0.037037037037037035,0.041666666666666664,
autoencoder,LOCKED,notification_coverage_mean,5,5,0.037068316514627477,0.00298886445176546,0.03461557288313498,0.041167630808655334,
autoencoder,LOCKED,raw_point_recall,5,5,0.2439273552780931,0.05272811730419078,0.16685584562996594,0.30022701475595914,
autoencoder,LOCKED,gate_longest_run_ratio_median,5,5,0.09325173677795162,0.03448744718928496,0.06066176470588235,0.13333333333333333,
autoencoder,LOCKED,gate_run_count_mean,5,5,2.25952380952381,0.3395884196856255,1.7738095238095237,2.642857142857143,
autoencoder,LOCKED,gate_induced_missed_events,5,5,0.0,0.0,0.0,0.0,
autoencoder,LOCKED,cooldown_induced_missed_events,5,5,20.2,4.8166378315169185,15.0,28.0,
autoencoder,LOCKED,cooldown_delayed_events,5,5,13.0,6.041522986797286,7.0,20.0,
autoencoder,LOCKED,pre_event_false_notification_suppressed_events,5,5,33.2,9.757048734120374,25.0,47.0,
autoencoder,LOCKED,carried_gate_run_missed_events,5,5,1.2,0.44721359549995804,1.0,2.0,
autoencoder,LOCKED,normal_point_count,5,5,223289.0,0.0,223289.0,223289.0,
autoencoder,LOCKED,normal_trajectory_count,5,5,84.0,0.0,84.0,84.0,
autoencoder,LOCKED,raw_fp_points,5,5,14550.0,2319.949029612504,12627.0,18111.0,
autoencoder,LOCKED,raw_fpr,5,5,0.06516218891212734,0.010389893947361959,0.05655003157343174,0.08111013081701293,
autoencoder,LOCKED,aggregated_positive_points,5,5,14550.0,2319.949029612504,12627.0,18111.0,
autoencoder,LOCKED,aggregated_fpr,5,5,0.06516218891212734,0.010389893947361959,0.05655003157343174,0.08111013081701293,
autoencoder,LOCKED,false_gate_run_count,5,5,8971.8,1818.549751862731,6590.0,11445.0,
autoencoder,LOCKED,false_notification_count,5,5,3745.2,271.14147598624595,3338.0,4083.0,
autoencoder,LOCKED,false_gate_runs_per_1000_normal_points,5,5,40.18021487847587,8.144376802541688,29.5133213010941,51.256443443250674,
autoencoder,LOCKED,false_notifications_per_1000_normal_points,5,5,16.772881781010263,1.2143073594590241,14.949236191661926,18.285719404001092,
autoencoder,LOCKED,false_notifications_per_trajectory,5,5,44.58571428571429,3.2278747141219735,39.73809523809524,48.607142857142854,
autoencoder,LOCKED,any_notification_trajectory_percent,5,5,99.76190476190476,0.5323971374999497,98.80952380952381,100.0,
autoencoder,LOCKED,longest_false_gate_run_points,5,5,249.6,28.192197502145874,213.0,289.0,
autoencoder,LOCKED,observation_exposure_sec,5,5,672460.0,0.0,672460.0,672460.0,
autoencoder,LOCKED,false_notifications_per_hour,5,5,20.049846831038277,1.4515500008186144,17.869910477946643,21.858251791928144,
autoencoder,LOCKED,valid_observation_intervals,5,5,222769.0,0.0,222769.0,222769.0,
autoencoder,LOCKED,raw_fp_per_1000,5,5,65.16218891212732,10.389893947361958,56.55003157343174,81.11013081701293,
autoencoder,LOCKED,raw_any_alert_percent,5,5,99.76190476190476,0.5323971374999497,98.80952380952381,100.0,
autoencoder,RAW,event_count,5,5,84.0,0.0,84.0,84.0,
autoencoder,RAW,raw_detected_count,5,5,75.6,5.941380311005179,68.0,83.0,
autoencoder,RAW,raw_event_detection_rate,5,5,0.9,0.07073071798815689,0.8095238095238095,0.9880952380952381,
autoencoder,RAW,raw_early10_rate,5,5,0.7,0.138423255749987,0.5119047619047619,0.8928571428571429,
autoencoder,RAW,raw_early25_rate,5,5,0.7690476190476191,0.11499038705755477,0.6309523809523809,0.9404761904761905,
autoencoder,RAW,raw_early50_rate,5,5,0.8261904761904763,0.10601255648044375,0.6904761904761905,0.9642857142857143,
autoencoder,RAW,raw_delay_points_mean,5,5,2.7580243359482313,0.8868462582167917,1.5301204819277108,3.9558823529411766,
autoencoder,RAW,raw_delay_points_median,5,5,1.0,0.0,1.0,1.0,
autoencoder,RAW,raw_delay_points_p90,5,5,8.180000000000001,4.394542069431127,1.0,12.600000000000009,
autoencoder,RAW,raw_delay_points_p95,5,5,11.179999999999993,5.6278992528295975,2.0,16.299999999999997,
autoencoder,RAW,raw_delay_seconds_mean,5,5,20.595581192728314,9.4515518976737,5.9879518072289155,30.529411764705884,
autoencoder,RAW,raw_delay_seconds_median,5,5,2.4,0.5477225575051661,2.0,3.0,
autoencoder,RAW,raw_delay_seconds_p90,5,5,45.56,27.506053879100858,5.0,71.50000000000003,
autoencoder,RAW,raw_delay_seconds_p95,5,5,75.79999999999994,43.6586188512646,10.0,112.99999999999983,
autoencoder,RAW,raw_coverage_median,5,5,0.17820214872846452,0.07840820060299555,0.09545454545454546,0.2967032967032967,
autoencoder,RAW,raw_coverage_mean,5,5,0.26785206861428434,0.05693842583725592,0.18919437843660025,0.32778481391265696,
autoencoder,RAW,gate_detected_count,5,5,75.6,5.941380311005179,68.0,83.0,
autoencoder,RAW,gate_event_detection_rate,5,5,0.9,0.07073071798815689,0.8095238095238095,0.9880952380952381,
autoencoder,RAW,gate_early10_rate,5,5,0.7,0.138423255749987,0.5119047619047619,0.8928571428571429,
autoencoder,RAW,gate_early25_rate,5,5,0.7690476190476191,0.11499038705755477,0.6309523809523809,0.9404761904761905,
autoencoder,RAW,gate_early50_rate,5,5,0.8261904761904763,0.10601255648044375,0.6904761904761905,0.9642857142857143,
autoencoder,RAW,gate_delay_points_mean,5,5,2.7580243359482313,0.8868462582167917,1.5301204819277108,3.9558823529411766,
autoencoder,RAW,gate_delay_points_median,5,5,1.0,0.0,1.0,1.0,
autoencoder,RAW,gate_delay_points_p90,5,5,8.180000000000001,4.394542069431127,1.0,12.600000000000009,
autoencoder,RAW,gate_delay_points_p95,5,5,11.179999999999993,5.6278992528295975,2.0,16.299999999999997,
autoencoder,RAW,gate_delay_seconds_mean,5,5,20.595581192728314,9.4515518976737,5.9879518072289155,30.529411764705884,
autoencoder,RAW,gate_delay_seconds_median,5,5,2.4,0.5477225575051661,2.0,3.0,
autoencoder,RAW,gate_delay_seconds_p90,5,5,45.56,27.506053879100858,5.0,71.50000000000003,
autoencoder,RAW,gate_delay_seconds_p95,5,5,75.79999999999994,43.6586188512646,10.0,112.99999999999983,
autoencoder,RAW,gate_coverage_median,5,5,0.17820214872846452,0.07840820060299555,0.09545454545454546,0.2967032967032967,
autoencoder,RAW,gate_coverage_mean,5,5,0.26785206861428434,0.05693842583725592,0.18919437843660025,0.32778481391265696,
autoencoder,RAW,notification_detected_count,5,5,74.4,5.639148871948674,67.0,81.0,
autoencoder,RAW,notification_event_detection_rate,5,5,0.8857142857142856,0.06713272466605563,0.7976190476190477,0.9642857142857143,
autoencoder,RAW,notification_early10_rate,5,5,0.6666666666666667,0.12959250629212643,0.4880952380952381,0.8452380952380952,
autoencoder,RAW,notification_early25_rate,5,5,0.7404761904761905,0.10694426038797956,0.6190476190476191,0.9047619047619048,
autoencoder,RAW,notification_early50_rate,5,5,0.8,0.09903159210993057,0.6785714285714286,0.9285714285714286,
autoencoder,RAW,notification_delay_points_mean,5,5,3.0544185217743687,0.8366486321420302,1.8271604938271604,4.059701492537314,
autoencoder,RAW,notification_delay_points_median,5,5,1.0,0.0,1.0,1.0,
autoencoder,RAW,notification_delay_points_p90,5,5,8.76,4.637671829700759,1.0,12.799999999999997,
autoencoder,RAW,notification_delay_points_p95,5,5,13.56999999999999,4.369439323299959,7.0,18.35000000000001,
autoencoder,RAW,notification_delay_seconds_mean,5,5,21.547730312977944,9.616319085859939,6.617283950617284,31.029850746268657,
autoencoder,RAW,notification_delay_seconds_median,5,5,2.6,0.5477225575051661,2.0,3.0,
autoencoder,RAW,notification_delay_seconds_p90,5,5,48.58,29.855183804491976,5.0,79.5,
autoencoder,RAW,notification_delay_seconds_p95,5,5,81.19999999999999,34.95997711669733,35.0,114.00000000000006,
autoencoder,RAW,notification_coverage_median,5,5,0.10289610499430127,0.020832513011395184,0.07692307692307693,0.12771739130434784,
autoencoder,RAW,notification_coverage_mean,5,5,0.11232778302170421,0.01665175371591236,0.08964952366879762,0.131066634599549,
autoencoder,RAW,raw_point_recall,5,5,0.2439273552780931,0.05272811730419078,0.16685584562996594,0.30022701475595914,
autoencoder,RAW,gate_longest_run_ratio_median,5,5,0.09325173677795162,0.03448744718928496,0.06066176470588235,0.13333333333333333,
autoencoder,RAW,gate_run_count_mean,5,5,2.25952380952381,0.3395884196856255,1.7738095238095237,2.642857142857143,
autoencoder,RAW,gate_induced_missed_events,5,5,0.0,0.0,0.0,0.0,
autoencoder,RAW,cooldown_induced_missed_events,5,5,0.0,0.0,0.0,0.0,
autoencoder,RAW,cooldown_delayed_events,5,5,0.0,0.0,0.0,0.0,
autoencoder,RAW,pre_event_false_notification_suppressed_events,5,5,0.0,0.0,0.0,0.0,
autoencoder,RAW,carried_gate_run_missed_events,5,5,1.2,0.44721359549995804,1.0,2.0,
autoencoder,RAW,normal_point_count,5,5,223289.0,0.0,223289.0,223289.0,
autoencoder,RAW,normal_trajectory_count,5,5,84.0,0.0,84.0,84.0,
autoencoder,RAW,raw_fp_points,5,5,14550.0,2319.949029612504,12627.0,18111.0,
autoencoder,RAW,raw_fpr,5,5,0.06516218891212734,0.010389893947361959,0.05655003157343174,0.08111013081701293,
autoencoder,RAW,aggregated_positive_points,5,5,14550.0,2319.949029612504,12627.0,18111.0,
autoencoder,RAW,aggregated_fpr,5,5,0.06516218891212734,0.010389893947361959,0.05655003157343174,0.08111013081701293,
autoencoder,RAW,false_gate_run_count,5,5,8971.8,1818.549751862731,6590.0,11445.0,
autoencoder,RAW,false_notification_count,5,5,8971.8,1818.549751862731,6590.0,11445.0,
autoencoder,RAW,false_gate_runs_per_1000_normal_points,5,5,40.18021487847587,8.144376802541688,29.5133213010941,51.256443443250674,
autoencoder,RAW,false_notifications_per_1000_normal_points,5,5,40.18021487847587,8.144376802541688,29.5133213010941,51.256443443250674,
autoencoder,RAW,false_notifications_per_trajectory,5,5,106.80714285714285,21.649401807889653,78.45238095238095,136.25,
autoencoder,RAW,any_notification_trajectory_percent,5,5,99.76190476190476,0.5323971374999497,98.80952380952381,100.0,
autoencoder,RAW,longest_false_gate_run_points,5,5,249.6,28.192197502145874,213.0,289.0,
autoencoder,RAW,observation_exposure_sec,5,5,672460.0,0.0,672460.0,672460.0,
autoencoder,RAW,false_notifications_per_hour,5,5,48.03033637688487,9.735566586422733,35.27942182434643,61.27055884364869,
autoencoder,RAW,valid_observation_intervals,5,5,222769.0,0.0,222769.0,222769.0,
autoencoder,RAW,raw_fp_per_1000,5,5,65.16218891212732,10.389893947361958,56.55003157343174,81.11013081701293,
autoencoder,RAW,raw_any_alert_percent,5,5,99.76190476190476,0.5323971374999497,98.80952380952381,100.0,
isolation_forest,LOCKED,event_count,5,5,84.0,0.0,84.0,84.0,
isolation_forest,LOCKED,raw_detected_count,5,5,70.2,1.3038404810405297,68.0,71.0,
isolation_forest,LOCKED,raw_event_detection_rate,5,5,0.8357142857142857,0.015521910488577727,0.8095238095238095,0.8452380952380952,
isolation_forest,LOCKED,raw_early10_rate,5,5,0.6547619047619047,0.0145802960879951,0.6309523809523809,0.6666666666666666,
isolation_forest,LOCKED,raw_early25_rate,5,5,0.7023809523809523,0.01882308131052605,0.6785714285714286,0.7261904761904762,
isolation_forest,LOCKED,raw_early50_rate,5,5,0.7190476190476192,0.019920476822239915,0.6904761904761905,0.7380952380952381,
isolation_forest,LOCKED,raw_delay_points_mean,5,5,3.0970469878092084,0.1199072229824919,2.9577464788732395,3.267605633802817,
isolation_forest,LOCKED,raw_delay_points_median,5,5,1.0,0.0,1.0,1.0,
isolation_forest,LOCKED,raw_delay_points_p90,5,5,11.22,0.4381780460041328,11.0,12.0,
isolation_forest,LOCKED,raw_delay_points_p95,5,5,14.62,0.5674504383644431,14.0,15.099999999999994,
isolation_forest,LOCKED,raw_delay_seconds_mean,5,5,23.112728133506923,1.4749475923191662,21.619718309859156,25.535211267605632,
isolation_forest,LOCKED,raw_delay_seconds_median,5,5,2.0,0.0,2.0,2.0,
isolation_forest,LOCKED,raw_delay_seconds_p90,5,5,52.76000000000001,3.1389488686501408,50.0,58.0,
isolation_forest,LOCKED,raw_delay_seconds_p95,5,5,87.85,6.679258940930504,82.5,99.5,
isolation_forest,LOCKED,raw_coverage_median,5,5,0.07364792070674422,0.00933333431328869,0.06274509803921569,0.08846153846153847,
isolation_forest,LOCKED,raw_coverage_mean,5,5,0.17798709560619264,0.026018194803939822,0.1437318178318891,0.21365222578478058,
isolation_forest,LOCKED,gate_detected_count,5,5,70.2,1.3038404810405297,68.0,71.0,
isolation_forest,LOCKED,gate_event_detection_rate,5,5,0.8357142857142857,0.015521910488577727,0.8095238095238095,0.8452380952380952,
isolation_forest,LOCKED,gate_early10_rate,5,5,0.6547619047619047,0.0145802960879951,0.6309523809523809,0.6666666666666666,
isolation_forest,LOCKED,gate_early25_rate,5,5,0.7023809523809523,0.01882308131052605,0.6785714285714286,0.7261904761904762,
isolation_forest,LOCKED,gate_early50_rate,5,5,0.7190476190476192,0.019920476822239915,0.6904761904761905,0.7380952380952381,
isolation_forest,LOCKED,gate_delay_points_mean,5,5,3.0970469878092084,0.1199072229824919,2.9577464788732395,3.267605633802817,
isolation_forest,LOCKED,gate_delay_points_median,5,5,1.0,0.0,1.0,1.0,
isolation_forest,LOCKED,gate_delay_points_p90,5,5,11.22,0.4381780460041328,11.0,12.0,
isolation_forest,LOCKED,gate_delay_points_p95,5,5,14.62,0.5674504383644431,14.0,15.099999999999994,
isolation_forest,LOCKED,gate_delay_seconds_mean,5,5,23.112728133506923,1.4749475923191662,21.619718309859156,25.535211267605632,
isolation_forest,LOCKED,gate_delay_seconds_median,5,5,2.0,0.0,2.0,2.0,
isolation_forest,LOCKED,gate_delay_seconds_p90,5,5,52.76000000000001,3.1389488686501408,50.0,58.0,
isolation_forest,LOCKED,gate_delay_seconds_p95,5,5,87.85,6.679258940930504,82.5,99.5,
isolation_forest,LOCKED,gate_coverage_median,5,5,0.07364792070674422,0.00933333431328869,0.06274509803921569,0.08846153846153847,
isolation_forest,LOCKED,gate_coverage_mean,5,5,0.17798709560619264,0.026018194803939822,0.1437318178318891,0.21365222578478058,
isolation_forest,LOCKED,notification_detected_count,5,5,48.0,3.605551275463989,43.0,53.0,
isolation_forest,LOCKED,notification_event_detection_rate,5,5,0.5714285714285714,0.04292322946980941,0.5119047619047619,0.6309523809523809,
isolation_forest,LOCKED,notification_early10_rate,5,5,0.3547619047619047,0.02580890879604618,0.32142857142857145,0.39285714285714285,
isolation_forest,LOCKED,notification_early25_rate,5,5,0.40714285714285714,0.02964261809044936,0.36904761904761907,0.4523809523809524,
isolation_forest,LOCKED,notification_early50_rate,5,5,0.4238095238095238,0.02608202654786506,0.39285714285714285,0.4642857142857143,
isolation_forest,LOCKED,notification_delay_points_mean,5,5,5.044887899237445,0.42436091173392465,4.617021276595745,5.612244897959184,
isolation_forest,LOCKED,notification_delay_points_median,5,5,1.0,0.0,1.0,1.0,
isolation_forest,LOCKED,notification_delay_points_p90,5,5,15.520000000000005,1.8363006289820856,14.0,17.800000000000004,
isolation_forest,LOCKED,notification_delay_points_p95,5,5,19.179999999999993,2.230919093109379,16.699999999999996,21.399999999999977,
isolation_forest,LOCKED,notification_delay_seconds_mean,5,5,37.16923019849785,1.5914901039413596,35.02040816326531,39.372093023255815,
isolation_forest,LOCKED,notification_delay_seconds_median,5,5,3.8,0.8366600265340756,3.0,5.0,
isolation_forest,LOCKED,notification_delay_seconds_p90,5,5,80.28000000000003,7.94304727418894,71.00000000000001,91.00000000000009,
isolation_forest,LOCKED,notification_delay_seconds_p95,5,5,151.99999999999983,32.51092124194568,100.39999999999995,189.1999999999997,
isolation_forest,LOCKED,notification_coverage_median,5,5,0.036448921448921444,0.0019009631423157908,0.03333333333333333,0.038461538461538464,
isolation_forest,LOCKED,notification_coverage_mean,5,5,0.034159195792637556,0.002410110259904723,0.03062525718938791,0.03743216824358998,
isolation_forest,LOCKED,raw_point_recall,5,5,0.15561861520998868,0.026657323110572555,0.12031782065834279,0.1923950056753689,
isolation_forest,LOCKED,gate_longest_run_ratio_median,5,5,0.051327689768092245,0.006110729164952481,0.045454545454545456,0.06066176470588235,
isolation_forest,LOCKED,gate_run_count_mean,5,5,1.5071428571428573,0.08852853544084861,1.369047619047619,1.5952380952380953,
isolation_forest,LOCKED,gate_induced_missed_events,5,5,0.0,0.0,0.0,0.0,
isolation_forest,LOCKED,cooldown_induced_missed_events,5,5,20.2,2.6832815729997477,16.0,23.0,
isolation_forest,LOCKED,cooldown_delayed_events,5,5,4.0,1.224744871391589,3.0,6.0,
isolation_forest,LOCKED,pre_event_false_notification_suppressed_events,5,5,24.2,1.4832396974191324,22.0,26.0,
isolation_forest,LOCKED,carried_gate_run_missed_events,5,5,2.0,0.0,2.0,2.0,
isolation_forest,LOCKED,normal_point_count,5,5,223289.0,0.0,223289.0,223289.0,
isolation_forest,LOCKED,normal_trajectory_count,5,5,84.0,0.0,84.0,84.0,
isolation_forest,LOCKED,raw_fp_points,5,5,12452.4,421.11435501535686,11903.0,12988.0,
isolation_forest,LOCKED,raw_fpr,5,5,0.05576808530648621,0.001885961041588958,0.05330759688117193,0.05816677041860548,
isolation_forest,LOCKED,aggregated_positive_points,5,5,12452.4,421.11435501535686,11903.0,12988.0,
isolation_forest,LOCKED,aggregated_fpr,5,5,0.05576808530648621,0.001885961041588958,0.05330759688117193,0.05816677041860548,
isolation_forest,LOCKED,false_gate_run_count,5,5,6040.4,256.8361345293921,5771.0,6385.0,
isolation_forest,LOCKED,false_notification_count,5,5,3460.4,67.01716198109257,3390.0,3536.0,
isolation_forest,LOCKED,false_gate_runs_per_1000_normal_points,5,5,27.051937175588584,1.1502408740663093,25.845429017999095,28.595228605081306,
isolation_forest,LOCKED,false_notifications_per_1000_normal_points,5,5,15.497404708695905,0.30013642401144985,15.182118241382245,15.835979380981598,
isolation_forest,LOCKED,false_notifications_per_trajectory,5,5,41.195238095238096,0.7978233569177695,40.357142857142854,42.095238095238095,
isolation_forest,LOCKED,any_notification_trajectory_percent,5,5,100.0,0.0,100.0,100.0,
isolation_forest,LOCKED,longest_false_gate_run_points,5,5,330.8,0.8366600265340756,330.0,332.0,
isolation_forest,LOCKED,observation_exposure_sec,5,5,672460.0,0.0,672460.0,672460.0,
isolation_forest,LOCKED,false_notifications_per_hour,5,5,18.525176218659844,0.35877492063755995,18.148291348184276,18.929899176159175,
isolation_forest,LOCKED,valid_observation_intervals,5,5,222769.0,0.0,222769.0,222769.0,
isolation_forest,LOCKED,raw_fp_per_1000,5,5,55.76808530648621,1.885961041588958,53.30759688117193,58.16677041860548,
isolation_forest,LOCKED,raw_any_alert_percent,5,5,100.0,0.0,100.0,100.0,
isolation_forest,RAW,event_count,5,5,84.0,0.0,84.0,84.0,
isolation_forest,RAW,raw_detected_count,5,5,70.2,1.3038404810405297,68.0,71.0,
isolation_forest,RAW,raw_event_detection_rate,5,5,0.8357142857142857,0.015521910488577727,0.8095238095238095,0.8452380952380952,
isolation_forest,RAW,raw_early10_rate,5,5,0.6547619047619047,0.0145802960879951,0.6309523809523809,0.6666666666666666,
isolation_forest,RAW,raw_early25_rate,5,5,0.7023809523809523,0.01882308131052605,0.6785714285714286,0.7261904761904762,
isolation_forest,RAW,raw_early50_rate,5,5,0.7190476190476192,0.019920476822239915,0.6904761904761905,0.7380952380952381,
isolation_forest,RAW,raw_delay_points_mean,5,5,3.0970469878092084,0.1199072229824919,2.9577464788732395,3.267605633802817,
isolation_forest,RAW,raw_delay_points_median,5,5,1.0,0.0,1.0,1.0,
isolation_forest,RAW,raw_delay_points_p90,5,5,11.22,0.4381780460041328,11.0,12.0,
isolation_forest,RAW,raw_delay_points_p95,5,5,14.62,0.5674504383644431,14.0,15.099999999999994,
isolation_forest,RAW,raw_delay_seconds_mean,5,5,23.112728133506923,1.4749475923191662,21.619718309859156,25.535211267605632,
isolation_forest,RAW,raw_delay_seconds_median,5,5,2.0,0.0,2.0,2.0,
isolation_forest,RAW,raw_delay_seconds_p90,5,5,52.76000000000001,3.1389488686501408,50.0,58.0,
isolation_forest,RAW,raw_delay_seconds_p95,5,5,87.85,6.679258940930504,82.5,99.5,
isolation_forest,RAW,raw_coverage_median,5,5,0.07364792070674422,0.00933333431328869,0.06274509803921569,0.08846153846153847,
isolation_forest,RAW,raw_coverage_mean,5,5,0.17798709560619264,0.026018194803939822,0.1437318178318891,0.21365222578478058,
isolation_forest,RAW,gate_detected_count,5,5,70.2,1.3038404810405297,68.0,71.0,
isolation_forest,RAW,gate_event_detection_rate,5,5,0.8357142857142857,0.015521910488577727,0.8095238095238095,0.8452380952380952,
isolation_forest,RAW,gate_early10_rate,5,5,0.6547619047619047,0.0145802960879951,0.6309523809523809,0.6666666666666666,
isolation_forest,RAW,gate_early25_rate,5,5,0.7023809523809523,0.01882308131052605,0.6785714285714286,0.7261904761904762,
isolation_forest,RAW,gate_early50_rate,5,5,0.7190476190476192,0.019920476822239915,0.6904761904761905,0.7380952380952381,
isolation_forest,RAW,gate_delay_points_mean,5,5,3.0970469878092084,0.1199072229824919,2.9577464788732395,3.267605633802817,
isolation_forest,RAW,gate_delay_points_median,5,5,1.0,0.0,1.0,1.0,
isolation_forest,RAW,gate_delay_points_p90,5,5,11.22,0.4381780460041328,11.0,12.0,
isolation_forest,RAW,gate_delay_points_p95,5,5,14.62,0.5674504383644431,14.0,15.099999999999994,
isolation_forest,RAW,gate_delay_seconds_mean,5,5,23.112728133506923,1.4749475923191662,21.619718309859156,25.535211267605632,
isolation_forest,RAW,gate_delay_seconds_median,5,5,2.0,0.0,2.0,2.0,
isolation_forest,RAW,gate_delay_seconds_p90,5,5,52.76000000000001,3.1389488686501408,50.0,58.0,
isolation_forest,RAW,gate_delay_seconds_p95,5,5,87.85,6.679258940930504,82.5,99.5,
isolation_forest,RAW,gate_coverage_median,5,5,0.07364792070674422,0.00933333431328869,0.06274509803921569,0.08846153846153847,
isolation_forest,RAW,gate_coverage_mean,5,5,0.17798709560619264,0.026018194803939822,0.1437318178318891,0.21365222578478058,
isolation_forest,RAW,notification_detected_count,5,5,68.2,1.3038404810405297,66.0,69.0,
isolation_forest,RAW,notification_event_detection_rate,5,5,0.8119047619047619,0.015521910488577727,0.7857142857142857,0.8214285714285714,
isolation_forest,RAW,notification_early10_rate,5,5,0.6285714285714286,0.019561519910898807,0.5952380952380952,0.6428571428571429,
isolation_forest,RAW,notification_early25_rate,5,5,0.6761904761904761,0.022899266740084905,0.6428571428571429,0.7023809523809523,
isolation_forest,RAW,notification_early50_rate,5,5,0.6928571428571428,0.024397501823713336,0.6547619047619048,0.7142857142857143,
isolation_forest,RAW,notification_delay_points_mean,5,5,3.2212353716190036,0.14690688833390353,3.0434782608695654,3.3636363636363638,
isolation_forest,RAW,notification_delay_points_median,5,5,1.0,0.0,1.0,1.0,
isolation_forest,RAW,notification_delay_points_p90,5,5,11.420000000000003,0.5585696017507594,11.0,12.400000000000006,
isolation_forest,RAW,notification_delay_points_p95,5,5,14.739999999999995,0.6767569726275408,14.0,15.299999999999997,
isolation_forest,RAW,notification_delay_seconds_mean,5,5,23.8936293885143,1.514632477366045,22.246376811594203,26.27536231884058,
isolation_forest,RAW,notification_delay_seconds_median,5,5,2.0,0.0,2.0,2.0,
isolation_forest,RAW,notification_delay_seconds_p90,5,5,54.12000000000002,3.8388800450131377,50.2,60.400000000000034,
isolation_forest,RAW,notification_delay_seconds_p95,5,5,89.82999999999993,6.074084293126023,84.99999999999986,100.39999999999995,
isolation_forest,RAW,notification_coverage_median,5,5,0.06402777777777777,0.004821265266030496,0.05555555555555555,0.06666666666666667,
isolation_forest,RAW,notification_coverage_mean,5,5,0.076694841481138,0.0040301387561649735,0.0702399834186535,0.08082188094346379,
isolation_forest,RAW,raw_point_recall,5,5,0.15561861520998868,0.026657323110572555,0.12031782065834279,0.1923950056753689,
isolation_forest,RAW,gate_longest_run_ratio_median,5,5,0.051327689768092245,0.006110729164952481,0.045454545454545456,0.06066176470588235,
isolation_forest,RAW,gate_run_count_mean,5,5,1.5071428571428573,0.08852853544084861,1.369047619047619,1.5952380952380953,
isolation_forest,RAW,gate_induced_missed_events,5,5,0.0,0.0,0.0,0.0,
isolation_forest,RAW,cooldown_induced_missed_events,5,5,0.0,0.0,0.0,0.0,
isolation_forest,RAW,cooldown_delayed_events,5,5,0.0,0.0,0.0,0.0,
isolation_forest,RAW,pre_event_false_notification_suppressed_events,5,5,0.0,0.0,0.0,0.0,
isolation_forest,RAW,carried_gate_run_missed_events,5,5,2.0,0.0,2.0,2.0,
isolation_forest,RAW,normal_point_count,5,5,223289.0,0.0,223289.0,223289.0,
isolation_forest,RAW,normal_trajectory_count,5,5,84.0,0.0,84.0,84.0,
isolation_forest,RAW,raw_fp_points,5,5,12452.4,421.11435501535686,11903.0,12988.0,
isolation_forest,RAW,raw_fpr,5,5,0.05576808530648621,0.001885961041588958,0.05330759688117193,0.05816677041860548,
isolation_forest,RAW,aggregated_positive_points,5,5,12452.4,421.11435501535686,11903.0,12988.0,
isolation_forest,RAW,aggregated_fpr,5,5,0.05576808530648621,0.001885961041588958,0.05330759688117193,0.05816677041860548,
isolation_forest,RAW,false_gate_run_count,5,5,6040.4,256.8361345293921,5771.0,6385.0,
isolation_forest,RAW,false_notification_count,5,5,6040.4,256.8361345293921,5771.0,6385.0,
isolation_forest,RAW,false_gate_runs_per_1000_normal_points,5,5,27.051937175588584,1.1502408740663093,25.845429017999095,28.595228605081306,
isolation_forest,RAW,false_notifications_per_1000_normal_points,5,5,27.051937175588584,1.1502408740663093,25.845429017999095,28.595228605081306,
isolation_forest,RAW,false_notifications_per_trajectory,5,5,71.9095238095238,3.0575730301118096,68.70238095238095,76.01190476190476,
isolation_forest,RAW,any_notification_trajectory_percent,5,5,100.0,0.0,100.0,100.0,
isolation_forest,RAW,longest_false_gate_run_points,5,5,330.8,0.8366600265340756,330.0,332.0,
isolation_forest,RAW,observation_exposure_sec,5,5,672460.0,0.0,672460.0,672460.0,
isolation_forest,RAW,false_notifications_per_hour,5,5,32.33715016506558,1.3749666661300484,30.894923118103677,34.18195877821729,
isolation_forest,RAW,valid_observation_intervals,5,5,222769.0,0.0,222769.0,222769.0,
isolation_forest,RAW,raw_fp_per_1000,5,5,55.76808530648621,1.885961041588958,53.30759688117193,58.16677041860548,
isolation_forest,RAW,raw_any_alert_percent,5,5,100.0,0.0,100.0,100.0,
statistical_rule,LOCKED,event_count,1,1,84.0,,84.0,84.0,deterministic_single_run_std_undefined
statistical_rule,LOCKED,raw_detected_count,1,1,68.0,,68.0,68.0,deterministic_single_run_std_undefined
statistical_rule,LOCKED,raw_event_detection_rate,1,1,0.8095238095238095,,0.8095238095238095,0.8095238095238095,deterministic_single_run_std_undefined
statistical_rule,LOCKED,raw_early10_rate,1,1,0.5833333333333334,,0.5833333333333334,0.5833333333333334,deterministic_single_run_std_undefined
statistical_rule,LOCKED,raw_early25_rate,1,1,0.6547619047619048,,0.6547619047619048,0.6547619047619048,deterministic_single_run_std_undefined
statistical_rule,LOCKED,raw_early50_rate,1,1,0.6785714285714286,,0.6785714285714286,0.6785714285714286,deterministic_single_run_std_undefined
statistical_rule,LOCKED,raw_delay_points_mean,1,1,3.176470588235294,,3.176470588235294,3.176470588235294,deterministic_single_run_std_undefined
statistical_rule,LOCKED,raw_delay_points_median,1,1,1.0,,1.0,1.0,deterministic_single_run_std_undefined
statistical_rule,LOCKED,raw_delay_points_p90,1,1,11.0,,11.0,11.0,deterministic_single_run_std_undefined
statistical_rule,LOCKED,raw_delay_points_p95,1,1,14.0,,14.0,14.0,deterministic_single_run_std_undefined
statistical_rule,LOCKED,raw_delay_seconds_mean,1,1,28.191176470588236,,28.191176470588236,28.191176470588236,deterministic_single_run_std_undefined
statistical_rule,LOCKED,raw_delay_seconds_median,1,1,2.0,,2.0,2.0,deterministic_single_run_std_undefined
statistical_rule,LOCKED,raw_delay_seconds_p90,1,1,68.60000000000001,,68.60000000000001,68.60000000000001,deterministic_single_run_std_undefined
statistical_rule,LOCKED,raw_delay_seconds_p95,1,1,91.49999999999999,,91.49999999999999,91.49999999999999,deterministic_single_run_std_undefined
statistical_rule,LOCKED,raw_coverage_median,1,1,0.10912698412698413,,0.10912698412698413,0.10912698412698413,deterministic_single_run_std_undefined
statistical_rule,LOCKED,raw_coverage_mean,1,1,0.23026460113256184,,0.23026460113256184,0.23026460113256184,deterministic_single_run_std_undefined
statistical_rule,LOCKED,gate_detected_count,1,1,68.0,,68.0,68.0,deterministic_single_run_std_undefined
statistical_rule,LOCKED,gate_event_detection_rate,1,1,0.8095238095238095,,0.8095238095238095,0.8095238095238095,deterministic_single_run_std_undefined
statistical_rule,LOCKED,gate_early10_rate,1,1,0.5833333333333334,,0.5833333333333334,0.5833333333333334,deterministic_single_run_std_undefined
statistical_rule,LOCKED,gate_early25_rate,1,1,0.6547619047619048,,0.6547619047619048,0.6547619047619048,deterministic_single_run_std_undefined
statistical_rule,LOCKED,gate_early50_rate,1,1,0.6785714285714286,,0.6785714285714286,0.6785714285714286,deterministic_single_run_std_undefined
statistical_rule,LOCKED,gate_delay_points_mean,1,1,3.176470588235294,,3.176470588235294,3.176470588235294,deterministic_single_run_std_undefined
statistical_rule,LOCKED,gate_delay_points_median,1,1,1.0,,1.0,1.0,deterministic_single_run_std_undefined
statistical_rule,LOCKED,gate_delay_points_p90,1,1,11.0,,11.0,11.0,deterministic_single_run_std_undefined
statistical_rule,LOCKED,gate_delay_points_p95,1,1,14.0,,14.0,14.0,deterministic_single_run_std_undefined
statistical_rule,LOCKED,gate_delay_seconds_mean,1,1,28.191176470588236,,28.191176470588236,28.191176470588236,deterministic_single_run_std_undefined
statistical_rule,LOCKED,gate_delay_seconds_median,1,1,2.0,,2.0,2.0,deterministic_single_run_std_undefined
statistical_rule,LOCKED,gate_delay_seconds_p90,1,1,68.60000000000001,,68.60000000000001,68.60000000000001,deterministic_single_run_std_undefined
statistical_rule,LOCKED,gate_delay_seconds_p95,1,1,91.49999999999999,,91.49999999999999,91.49999999999999,deterministic_single_run_std_undefined
statistical_rule,LOCKED,gate_coverage_median,1,1,0.10912698412698413,,0.10912698412698413,0.10912698412698413,deterministic_single_run_std_undefined
statistical_rule,LOCKED,gate_coverage_mean,1,1,0.23026460113256184,,0.23026460113256184,0.23026460113256184,deterministic_single_run_std_undefined
statistical_rule,LOCKED,notification_detected_count,1,1,49.0,,49.0,49.0,deterministic_single_run_std_undefined
statistical_rule,LOCKED,notification_event_detection_rate,1,1,0.5833333333333334,,0.5833333333333334,0.5833333333333334,deterministic_single_run_std_undefined
statistical_rule,LOCKED,notification_early10_rate,1,1,0.27380952380952384,,0.27380952380952384,0.27380952380952384,deterministic_single_run_std_undefined
statistical_rule,LOCKED,notification_early25_rate,1,1,0.3333333333333333,,0.3333333333333333,0.3333333333333333,deterministic_single_run_std_undefined
statistical_rule,LOCKED,notification_early50_rate,1,1,0.38095238095238093,,0.38095238095238093,0.38095238095238093,deterministic_single_run_std_undefined
statistical_rule,LOCKED,notification_delay_points_mean,1,1,6.1020408163265305,,6.1020408163265305,6.1020408163265305,deterministic_single_run_std_undefined
statistical_rule,LOCKED,notification_delay_points_median,1,1,1.0,,1.0,1.0,deterministic_single_run_std_undefined
statistical_rule,LOCKED,notification_delay_points_p90,1,1,16.0,,16.0,16.0,deterministic_single_run_std_undefined
statistical_rule,LOCKED,notification_delay_points_p95,1,1,17.599999999999994,,17.599999999999994,17.599999999999994,deterministic_single_run_std_undefined
statistical_rule,LOCKED,notification_delay_seconds_mean,1,1,42.91836734693877,,42.91836734693877,42.91836734693877,deterministic_single_run_std_undefined
statistical_rule,LOCKED,notification_delay_seconds_median,1,1,5.0,,5.0,5.0,deterministic_single_run_std_undefined
statistical_rule,LOCKED,notification_delay_seconds_p90,1,1,81.80000000000001,,81.80000000000001,81.80000000000001,deterministic_single_run_std_undefined
statistical_rule,LOCKED,notification_delay_seconds_p95,1,1,228.19999999999874,,228.19999999999874,228.19999999999874,deterministic_single_run_std_undefined
statistical_rule,LOCKED,notification_coverage_median,1,1,0.037037037037037035,,0.037037037037037035,0.037037037037037035,deterministic_single_run_std_undefined
statistical_rule,LOCKED,notification_coverage_mean,1,1,0.031819123720898124,,0.031819123720898124,0.031819123720898124,deterministic_single_run_std_undefined
statistical_rule,LOCKED,raw_point_recall,1,1,0.2054483541430193,,0.2054483541430193,0.2054483541430193,deterministic_single_run_std_undefined
statistical_rule,LOCKED,gate_longest_run_ratio_median,1,1,0.07142857142857142,,0.07142857142857142,0.07142857142857142,deterministic_single_run_std_undefined
statistical_rule,LOCKED,gate_run_count_mean,1,1,2.0,,2.0,2.0,deterministic_single_run_std_undefined
statistical_rule,LOCKED,gate_induced_missed_events,1,1,0.0,,0.0,0.0,deterministic_single_run_std_undefined
statistical_rule,LOCKED,cooldown_induced_missed_events,1,1,18.0,,18.0,18.0,deterministic_single_run_std_undefined
statistical_rule,LOCKED,cooldown_delayed_events,1,1,9.0,,9.0,9.0,deterministic_single_run_std_undefined
statistical_rule,LOCKED,pre_event_false_notification_suppressed_events,1,1,27.0,,27.0,27.0,deterministic_single_run_std_undefined
statistical_rule,LOCKED,carried_gate_run_missed_events,1,1,1.0,,1.0,1.0,deterministic_single_run_std_undefined
statistical_rule,LOCKED,normal_point_count,1,1,223289.0,,223289.0,223289.0,deterministic_single_run_std_undefined
statistical_rule,LOCKED,normal_trajectory_count,1,1,84.0,,84.0,84.0,deterministic_single_run_std_undefined
statistical_rule,LOCKED,raw_fp_points,1,1,12390.0,,12390.0,12390.0,deterministic_single_run_std_undefined
statistical_rule,LOCKED,raw_fpr,1,1,0.055488626846821834,,0.055488626846821834,0.055488626846821834,deterministic_single_run_std_undefined
statistical_rule,LOCKED,aggregated_positive_points,1,1,12390.0,,12390.0,12390.0,deterministic_single_run_std_undefined
statistical_rule,LOCKED,aggregated_fpr,1,1,0.055488626846821834,,0.055488626846821834,0.055488626846821834,deterministic_single_run_std_undefined
statistical_rule,LOCKED,false_gate_run_count,1,1,6862.0,,6862.0,6862.0,deterministic_single_run_std_undefined
statistical_rule,LOCKED,false_notification_count,1,1,3456.0,,3456.0,3456.0,deterministic_single_run_std_undefined
statistical_rule,LOCKED,false_gate_runs_per_1000_normal_points,1,1,30.731473561169604,,30.731473561169604,30.731473561169604,deterministic_single_run_std_undefined
statistical_rule,LOCKED,false_notifications_per_1000_normal_points,1,1,15.477699304488802,,15.477699304488802,15.477699304488802,deterministic_single_run_std_undefined
statistical_rule,LOCKED,false_notifications_per_trajectory,1,1,41.142857142857146,,41.142857142857146,41.142857142857146,deterministic_single_run_std_undefined
statistical_rule,LOCKED,any_notification_trajectory_percent,1,1,100.0,,100.0,100.0,deterministic_single_run_std_undefined
statistical_rule,LOCKED,longest_false_gate_run_points,1,1,303.0,,303.0,303.0,deterministic_single_run_std_undefined
statistical_rule,LOCKED,observation_exposure_sec,1,1,672460.0,,672460.0,672460.0,deterministic_single_run_std_undefined
statistical_rule,LOCKED,false_notifications_per_hour,1,1,18.501620914255124,,18.501620914255124,18.501620914255124,deterministic_single_run_std_undefined
statistical_rule,LOCKED,valid_observation_intervals,1,1,222769.0,,222769.0,222769.0,deterministic_single_run_std_undefined
statistical_rule,LOCKED,raw_fp_per_1000,1,1,55.48862684682184,,55.48862684682184,55.48862684682184,deterministic_single_run_std_undefined
statistical_rule,LOCKED,raw_any_alert_percent,1,1,100.0,,100.0,100.0,deterministic_single_run_std_undefined
statistical_rule,RAW,event_count,1,1,84.0,,84.0,84.0,deterministic_single_run_std_undefined
statistical_rule,RAW,raw_detected_count,1,1,68.0,,68.0,68.0,deterministic_single_run_std_undefined
statistical_rule,RAW,raw_event_detection_rate,1,1,0.8095238095238095,,0.8095238095238095,0.8095238095238095,deterministic_single_run_std_undefined
statistical_rule,RAW,raw_early10_rate,1,1,0.5833333333333334,,0.5833333333333334,0.5833333333333334,deterministic_single_run_std_undefined
statistical_rule,RAW,raw_early25_rate,1,1,0.6547619047619048,,0.6547619047619048,0.6547619047619048,deterministic_single_run_std_undefined
statistical_rule,RAW,raw_early50_rate,1,1,0.6785714285714286,,0.6785714285714286,0.6785714285714286,deterministic_single_run_std_undefined
statistical_rule,RAW,raw_delay_points_mean,1,1,3.176470588235294,,3.176470588235294,3.176470588235294,deterministic_single_run_std_undefined
statistical_rule,RAW,raw_delay_points_median,1,1,1.0,,1.0,1.0,deterministic_single_run_std_undefined
statistical_rule,RAW,raw_delay_points_p90,1,1,11.0,,11.0,11.0,deterministic_single_run_std_undefined
statistical_rule,RAW,raw_delay_points_p95,1,1,14.0,,14.0,14.0,deterministic_single_run_std_undefined
statistical_rule,RAW,raw_delay_seconds_mean,1,1,28.191176470588236,,28.191176470588236,28.191176470588236,deterministic_single_run_std_undefined
statistical_rule,RAW,raw_delay_seconds_median,1,1,2.0,,2.0,2.0,deterministic_single_run_std_undefined
statistical_rule,RAW,raw_delay_seconds_p90,1,1,68.60000000000001,,68.60000000000001,68.60000000000001,deterministic_single_run_std_undefined
statistical_rule,RAW,raw_delay_seconds_p95,1,1,91.49999999999999,,91.49999999999999,91.49999999999999,deterministic_single_run_std_undefined
statistical_rule,RAW,raw_coverage_median,1,1,0.10912698412698413,,0.10912698412698413,0.10912698412698413,deterministic_single_run_std_undefined
statistical_rule,RAW,raw_coverage_mean,1,1,0.23026460113256184,,0.23026460113256184,0.23026460113256184,deterministic_single_run_std_undefined
statistical_rule,RAW,gate_detected_count,1,1,68.0,,68.0,68.0,deterministic_single_run_std_undefined
statistical_rule,RAW,gate_event_detection_rate,1,1,0.8095238095238095,,0.8095238095238095,0.8095238095238095,deterministic_single_run_std_undefined
statistical_rule,RAW,gate_early10_rate,1,1,0.5833333333333334,,0.5833333333333334,0.5833333333333334,deterministic_single_run_std_undefined
statistical_rule,RAW,gate_early25_rate,1,1,0.6547619047619048,,0.6547619047619048,0.6547619047619048,deterministic_single_run_std_undefined
statistical_rule,RAW,gate_early50_rate,1,1,0.6785714285714286,,0.6785714285714286,0.6785714285714286,deterministic_single_run_std_undefined
statistical_rule,RAW,gate_delay_points_mean,1,1,3.176470588235294,,3.176470588235294,3.176470588235294,deterministic_single_run_std_undefined
statistical_rule,RAW,gate_delay_points_median,1,1,1.0,,1.0,1.0,deterministic_single_run_std_undefined
statistical_rule,RAW,gate_delay_points_p90,1,1,11.0,,11.0,11.0,deterministic_single_run_std_undefined
statistical_rule,RAW,gate_delay_points_p95,1,1,14.0,,14.0,14.0,deterministic_single_run_std_undefined
statistical_rule,RAW,gate_delay_seconds_mean,1,1,28.191176470588236,,28.191176470588236,28.191176470588236,deterministic_single_run_std_undefined
statistical_rule,RAW,gate_delay_seconds_median,1,1,2.0,,2.0,2.0,deterministic_single_run_std_undefined
statistical_rule,RAW,gate_delay_seconds_p90,1,1,68.60000000000001,,68.60000000000001,68.60000000000001,deterministic_single_run_std_undefined
statistical_rule,RAW,gate_delay_seconds_p95,1,1,91.49999999999999,,91.49999999999999,91.49999999999999,deterministic_single_run_std_undefined
statistical_rule,RAW,gate_coverage_median,1,1,0.10912698412698413,,0.10912698412698413,0.10912698412698413,deterministic_single_run_std_undefined
statistical_rule,RAW,gate_coverage_mean,1,1,0.23026460113256184,,0.23026460113256184,0.23026460113256184,deterministic_single_run_std_undefined
statistical_rule,RAW,notification_detected_count,1,1,67.0,,67.0,67.0,deterministic_single_run_std_undefined
statistical_rule,RAW,notification_event_detection_rate,1,1,0.7976190476190477,,0.7976190476190477,0.7976190476190477,deterministic_single_run_std_undefined
statistical_rule,RAW,notification_early10_rate,1,1,0.5357142857142857,,0.5357142857142857,0.5357142857142857,deterministic_single_run_std_undefined
statistical_rule,RAW,notification_early25_rate,1,1,0.6309523809523809,,0.6309523809523809,0.6309523809523809,deterministic_single_run_std_undefined
statistical_rule,RAW,notification_early50_rate,1,1,0.6547619047619048,,0.6547619047619048,0.6547619047619048,deterministic_single_run_std_undefined
statistical_rule,RAW,notification_delay_points_mean,1,1,3.4328358208955225,,3.4328358208955225,3.4328358208955225,deterministic_single_run_std_undefined
statistical_rule,RAW,notification_delay_points_median,1,1,1.0,,1.0,1.0,deterministic_single_run_std_undefined
statistical_rule,RAW,notification_delay_points_p90,1,1,11.0,,11.0,11.0,deterministic_single_run_std_undefined
statistical_rule,RAW,notification_delay_points_p95,1,1,14.0,,14.0,14.0,deterministic_single_run_std_undefined
statistical_rule,RAW,notification_delay_seconds_mean,1,1,29.29850746268657,,29.29850746268657,29.29850746268657,deterministic_single_run_std_undefined
statistical_rule,RAW,notification_delay_seconds_median,1,1,2.0,,2.0,2.0,deterministic_single_run_std_undefined
statistical_rule,RAW,notification_delay_seconds_p90,1,1,68.8,,68.8,68.8,deterministic_single_run_std_undefined
statistical_rule,RAW,notification_delay_seconds_p95,1,1,91.99999999999996,,91.99999999999996,91.99999999999996,deterministic_single_run_std_undefined
statistical_rule,RAW,notification_coverage_median,1,1,0.07142857142857142,,0.07142857142857142,0.07142857142857142,deterministic_single_run_std_undefined
statistical_rule,RAW,notification_coverage_mean,1,1,0.09739385556788512,,0.09739385556788512,0.09739385556788512,deterministic_single_run_std_undefined
statistical_rule,RAW,raw_point_recall,1,1,0.2054483541430193,,0.2054483541430193,0.2054483541430193,deterministic_single_run_std_undefined
statistical_rule,RAW,gate_longest_run_ratio_median,1,1,0.07142857142857142,,0.07142857142857142,0.07142857142857142,deterministic_single_run_std_undefined
statistical_rule,RAW,gate_run_count_mean,1,1,2.0,,2.0,2.0,deterministic_single_run_std_undefined
statistical_rule,RAW,gate_induced_missed_events,1,1,0.0,,0.0,0.0,deterministic_single_run_std_undefined
statistical_rule,RAW,cooldown_induced_missed_events,1,1,0.0,,0.0,0.0,deterministic_single_run_std_undefined
statistical_rule,RAW,cooldown_delayed_events,1,1,0.0,,0.0,0.0,deterministic_single_run_std_undefined
statistical_rule,RAW,pre_event_false_notification_suppressed_events,1,1,0.0,,0.0,0.0,deterministic_single_run_std_undefined
statistical_rule,RAW,carried_gate_run_missed_events,1,1,1.0,,1.0,1.0,deterministic_single_run_std_undefined
statistical_rule,RAW,normal_point_count,1,1,223289.0,,223289.0,223289.0,deterministic_single_run_std_undefined
statistical_rule,RAW,normal_trajectory_count,1,1,84.0,,84.0,84.0,deterministic_single_run_std_undefined
statistical_rule,RAW,raw_fp_points,1,1,12390.0,,12390.0,12390.0,deterministic_single_run_std_undefined
statistical_rule,RAW,raw_fpr,1,1,0.055488626846821834,,0.055488626846821834,0.055488626846821834,deterministic_single_run_std_undefined
statistical_rule,RAW,aggregated_positive_points,1,1,12390.0,,12390.0,12390.0,deterministic_single_run_std_undefined
statistical_rule,RAW,aggregated_fpr,1,1,0.055488626846821834,,0.055488626846821834,0.055488626846821834,deterministic_single_run_std_undefined
statistical_rule,RAW,false_gate_run_count,1,1,6862.0,,6862.0,6862.0,deterministic_single_run_std_undefined
statistical_rule,RAW,false_notification_count,1,1,6862.0,,6862.0,6862.0,deterministic_single_run_std_undefined
statistical_rule,RAW,false_gate_runs_per_1000_normal_points,1,1,30.731473561169604,,30.731473561169604,30.731473561169604,deterministic_single_run_std_undefined
statistical_rule,RAW,false_notifications_per_1000_normal_points,1,1,30.731473561169604,,30.731473561169604,30.731473561169604,deterministic_single_run_std_undefined
statistical_rule,RAW,false_notifications_per_trajectory,1,1,81.69047619047619,,81.69047619047619,81.69047619047619,deterministic_single_run_std_undefined
statistical_rule,RAW,any_notification_trajectory_percent,1,1,100.0,,100.0,100.0,deterministic_single_run_std_undefined
statistical_rule,RAW,longest_false_gate_run_points,1,1,303.0,,303.0,303.0,deterministic_single_run_std_undefined
statistical_rule,RAW,observation_exposure_sec,1,1,672460.0,,672460.0,672460.0,deterministic_single_run_std_undefined
statistical_rule,RAW,false_notifications_per_hour,1,1,36.73556791482021,,36.73556791482021,36.73556791482021,deterministic_single_run_std_undefined
statistical_rule,RAW,valid_observation_intervals,1,1,222769.0,,222769.0,222769.0,deterministic_single_run_std_undefined
statistical_rule,RAW,raw_fp_per_1000,1,1,55.48862684682184,,55.48862684682184,55.48862684682184,deterministic_single_run_std_undefined
statistical_rule,RAW,raw_any_alert_percent,1,1,100.0,,100.0,100.0,deterministic_single_run_std_undefined
