model,anomaly_type,metric,run_count,defined_run_count,mean,sample_std,min,max,na_reason
autoencoder,abnormal_speed,anomaly_row_count,5,5,1620.0,0.0,1620.0,1620.0,
autoencoder,abnormal_speed,detected_anomaly_row_count,5,5,690.4,299.99466661925845,374.0,1010.0,
autoencoder,abnormal_speed,recall,5,5,0.4261728395061729,0.18518189297485088,0.2308641975308642,0.6234567901234568,
autoencoder,abnormal_speed,roc_auc,5,5,0.8250901256849825,0.05085930099305857,0.7848218267097687,0.8821071031844961,
autoencoder,abnormal_speed,average_precision,5,5,0.13432299641136541,0.019169799611641808,0.11710040423913869,0.15684458345351696,
autoencoder,abnormal_speed,anomaly_score_mean,5,5,715.8844616524871,431.90784788314755,230.83498599623329,1222.7584710117649,
autoencoder,abnormal_speed,anomaly_score_median,5,5,0.0854770414531231,0.02227914242857823,0.05852722004055977,0.10662933439016342,
autoencoder,abnormal_speed,anomaly_score_p95,5,5,1177.6473721313475,1161.8282051046738,457.7710128784179,3238.7211181640623,
autoencoder,abnormal_speed,anomaly_score_p99,5,5,16763.718745117185,11361.351904815681,5207.636606445312,30004.17578125,
autoencoder,direction_change,anomaly_row_count,5,5,1841.0,0.0,1841.0,1841.0,
autoencoder,direction_change,detected_anomaly_row_count,5,5,1535.2,235.5985993167192,1335.0,1799.0,
autoencoder,direction_change,recall,5,5,0.8338946224877783,0.1279731663860506,0.7251493753394894,0.9771863117870723,
autoencoder,direction_change,roc_auc,5,5,0.9628152897209773,0.017733057869814006,0.9440108964141971,0.9834485089363816,
autoencoder,direction_change,average_precision,5,5,0.26790138338700037,0.0612157422110119,0.19265557095266406,0.34212677020569804,
autoencoder,direction_change,anomaly_score_mean,5,5,1.1725148298267967,0.22515782094187678,0.8330363392872135,1.394254855790349,
autoencoder,direction_change,anomaly_score_median,5,5,0.4587055563926697,0.0706132301396688,0.34294673800468445,0.5249876976013184,
autoencoder,direction_change,anomaly_score_p95,5,5,4.219791460037231,0.7990317413504228,2.99381422996521,4.993224143981934,
autoencoder,direction_change,anomaly_score_p99,5,5,6.3340346717834395,1.2351009186780906,4.874614810943603,7.994654464721647,
autoencoder,long_stop,anomaly_row_count,5,5,4040.0,0.0,4040.0,4040.0,
autoencoder,long_stop,detected_anomaly_row_count,5,5,593.6,365.2934436860317,239.0,996.0,
autoencoder,long_stop,recall,5,5,0.1469306930693069,0.09041916922921577,0.059158415841584155,0.24653465346534653,
autoencoder,long_stop,roc_auc,5,5,0.6777159769280047,0.07113745937366969,0.6027476196434857,0.7631655318470416,
autoencoder,long_stop,average_precision,5,5,0.044688478077236644,0.01320624638374875,0.03053620220445999,0.06256183724072996,
autoencoder,long_stop,anomaly_score_mean,5,5,0.43353931932989187,0.3012481713022157,0.1064413597261015,0.8479123711221193,
autoencoder,long_stop,anomaly_score_median,5,5,0.02832201588898897,0.006039281419825118,0.02104280237108469,0.034191904589533806,
autoencoder,long_stop,anomaly_score_p95,5,5,0.212718200832605,0.0838273263169134,0.09815869629383085,0.33380181789398056,
autoencoder,long_stop,anomaly_score_p99,5,5,16.629908493042002,16.624317044980128,2.3402466082572984,41.87524841308597,
autoencoder,route_deviation,anomaly_row_count,5,5,1762.0,0.0,1762.0,1762.0,
autoencoder,route_deviation,detected_anomaly_row_count,5,5,429.8,92.90694268998416,294.0,529.0,
autoencoder,route_deviation,recall,5,5,0.2439273552780931,0.05272811730419078,0.16685584562996594,0.30022701475595914,
autoencoder,route_deviation,roc_auc,5,5,0.6395034353533648,0.04611503854156066,0.5942692044411744,0.7171004909885825,
autoencoder,route_deviation,average_precision,5,5,0.01822214025590714,0.003241474912001222,0.014392021931954178,0.0222683277109821,
autoencoder,route_deviation,anomaly_score_mean,5,5,0.11369974977960129,0.04514141233258215,0.059937701971033215,0.15438396424276038,
autoencoder,route_deviation,anomaly_score_median,5,5,0.028498529456555843,0.014359770071253152,0.0130516248755157,0.043190598487854004,
autoencoder,route_deviation,anomaly_score_p95,5,5,0.4644974482059473,0.20545738722969317,0.1974723279476161,0.6565599530935274,
autoencoder,route_deviation,anomaly_score_p99,5,5,1.2564865492582293,0.33490609271221156,0.8573923820257159,1.7029730558395384,
isolation_forest,abnormal_speed,anomaly_row_count,5,5,1620.0,0.0,1620.0,1620.0,
isolation_forest,abnormal_speed,detected_anomaly_row_count,5,5,285.6,64.91764012962886,240.0,399.0,
isolation_forest,abnormal_speed,recall,5,5,0.1762962962962963,0.04007261736396843,0.14814814814814814,0.2462962962962963,
isolation_forest,abnormal_speed,roc_auc,5,5,0.6735084546080984,0.004216338526352768,0.6701258995082994,0.679189504948163,
isolation_forest,abnormal_speed,average_precision,5,5,0.013825517039856992,0.0009502826766108094,0.012982440583391503,0.015187039877073646,
isolation_forest,abnormal_speed,anomaly_score_mean,5,5,0.4704302338101045,0.003003501179148197,0.46695219621465256,0.47387116397087975,
isolation_forest,abnormal_speed,anomaly_score_median,5,5,0.4562456661192469,0.006173638905246982,0.4504142333962772,0.46468165346627377,
isolation_forest,abnormal_speed,anomaly_score_p95,5,5,0.5533867145610437,0.001921725010739285,0.5501075546089992,0.5549116864372086,
isolation_forest,abnormal_speed,anomaly_score_p99,5,5,0.6010170395186419,0.0067994858953866096,0.5948397561308437,0.6096603484251728,
isolation_forest,direction_change,anomaly_row_count,5,5,1841.0,0.0,1841.0,1841.0,
isolation_forest,direction_change,detected_anomaly_row_count,5,5,1786.4,2.701851217221259,1782.0,1789.0,
isolation_forest,direction_change,recall,5,5,0.9703422053231939,0.001467599792081094,0.9679521998913634,0.9717544812601847,
isolation_forest,direction_change,roc_auc,5,5,0.9797321403469563,0.002139278353716691,0.9776641953279923,0.9827919378293378,
isolation_forest,direction_change,average_precision,5,5,0.36793103987545345,0.04143623067864032,0.3345619716734189,0.41533399124608833,
isolation_forest,direction_change,anomaly_score_mean,5,5,0.6037655118521619,0.0054625779304704695,0.6001535831424802,0.613380645816002,
isolation_forest,direction_change,anomaly_score_median,5,5,0.5967821250249707,0.00750859072000865,0.5897372879332065,0.609100508139422,
isolation_forest,direction_change,anomaly_score_p95,5,5,0.6941923359710307,0.006739910816611549,0.6848279144115836,0.7024127057875676,
isolation_forest,direction_change,anomaly_score_p99,5,5,0.705880369396558,0.00791056761530713,0.6969619910537326,0.7150632798697633,
isolation_forest,long_stop,anomaly_row_count,5,5,4040.0,0.0,4040.0,4040.0,
isolation_forest,long_stop,detected_anomaly_row_count,5,5,1587.6,17.615334229017627,1560.0,1603.0,
isolation_forest,long_stop,recall,5,5,0.392970297029703,0.004360231244806347,0.38613861386138615,0.3967821782178218,
isolation_forest,long_stop,roc_auc,5,5,0.7226055199120582,0.013349524542272258,0.7021346941088513,0.7375109723273426,
isolation_forest,long_stop,average_precision,5,5,0.06332428042970797,0.0026663114040836777,0.06044103526147322,0.06695833111447337,
isolation_forest,long_stop,anomaly_score_mean,5,5,0.49126475545048925,0.004339404289452741,0.48576685340129155,0.49547944824494355,
isolation_forest,long_stop,anomaly_score_median,5,5,0.460564665771048,0.00434024508132877,0.4546291904154557,0.4650866788553872,
isolation_forest,long_stop,anomaly_score_p95,5,5,0.5912990586947989,0.006092108956172622,0.5829772676687238,0.5990395156938729,
isolation_forest,long_stop,anomaly_score_p99,5,5,0.6490320748448661,0.007387545262422509,0.6372195310456829,0.6556909338562482,
isolation_forest,route_deviation,anomaly_row_count,5,5,1762.0,0.0,1762.0,1762.0,
isolation_forest,route_deviation,detected_anomaly_row_count,5,5,274.2,46.97020332082884,212.0,339.0,
isolation_forest,route_deviation,recall,5,5,0.15561861520998868,0.026657323110572555,0.12031782065834279,0.1923950056753689,
isolation_forest,route_deviation,roc_auc,5,5,0.5745136349232467,0.005837361361127166,0.5662678093042499,0.5822561771783227,
isolation_forest,route_deviation,average_precision,5,5,0.01328883680702132,0.001392359157880607,0.012019526917893361,0.015021953723139378,
isolation_forest,route_deviation,anomaly_score_mean,5,5,0.4607268157616283,0.002632237632775952,0.4570910785441672,0.46353615325433195,
isolation_forest,route_deviation,anomaly_score_median,5,5,0.4427500570776493,0.004230519074628532,0.4378754632143105,0.4476897351632032,
isolation_forest,route_deviation,anomaly_score_p95,5,5,0.5747833268276447,0.006316447933448784,0.568221657182206,0.5821431686989056,
isolation_forest,route_deviation,anomaly_score_p99,5,5,0.642805856947388,0.008780307472401076,0.6330311844329642,0.6546877719296259,
statistical_rule,abnormal_speed,anomaly_row_count,1,1,1620.0,,1620.0,1620.0,deterministic_single_run_std_undefined
statistical_rule,abnormal_speed,detected_anomaly_row_count,1,1,230.0,,230.0,230.0,deterministic_single_run_std_undefined
statistical_rule,abnormal_speed,recall,1,1,0.1419753086419753,,0.1419753086419753,0.1419753086419753,deterministic_single_run_std_undefined
statistical_rule,abnormal_speed,roc_auc,1,1,0.58833493840596,,0.58833493840596,0.58833493840596,deterministic_single_run_std_undefined
statistical_rule,abnormal_speed,average_precision,1,1,0.11139043061703219,,0.11139043061703219,0.11139043061703219,deterministic_single_run_std_undefined
statistical_rule,abnormal_speed,anomaly_score_mean,1,1,2245.2411694513175,,2245.2411694513175,2245.2411694513175,deterministic_single_run_std_undefined
statistical_rule,abnormal_speed,anomaly_score_median,1,1,2.5623567110952004,,2.5623567110952004,2.5623567110952004,deterministic_single_run_std_undefined
statistical_rule,abnormal_speed,anomaly_score_p95,1,1,2714.8146003684365,,2714.8146003684365,2714.8146003684365,deterministic_single_run_std_undefined
statistical_rule,abnormal_speed,anomaly_score_p99,1,1,55262.029735575976,,55262.029735575976,55262.029735575976,deterministic_single_run_std_undefined
statistical_rule,direction_change,anomaly_row_count,1,1,1841.0,,1841.0,1841.0,deterministic_single_run_std_undefined
statistical_rule,direction_change,detected_anomaly_row_count,1,1,1527.0,,1527.0,1527.0,deterministic_single_run_std_undefined
statistical_rule,direction_change,recall,1,1,0.8294405214557306,,0.8294405214557306,0.8294405214557306,deterministic_single_run_std_undefined
statistical_rule,direction_change,roc_auc,1,1,0.9588773180441803,,0.9588773180441803,0.9588773180441803,deterministic_single_run_std_undefined
statistical_rule,direction_change,average_precision,1,1,0.15649230302833095,,0.15649230302833095,0.15649230302833095,deterministic_single_run_std_undefined
statistical_rule,direction_change,anomaly_score_mean,1,1,40.85456292384447,,40.85456292384447,40.85456292384447,deterministic_single_run_std_undefined
statistical_rule,direction_change,anomaly_score_median,1,1,14.155019550994302,,14.155019550994302,14.155019550994302,deterministic_single_run_std_undefined
statistical_rule,direction_change,anomaly_score_p95,1,1,171.51131388331936,,171.51131388331936,171.51131388331936,deterministic_single_run_std_undefined
statistical_rule,direction_change,anomaly_score_p99,1,1,310.7528648112509,,310.7528648112509,310.7528648112509,deterministic_single_run_std_undefined
statistical_rule,long_stop,anomaly_row_count,1,1,4040.0,,4040.0,4040.0,deterministic_single_run_std_undefined
statistical_rule,long_stop,detected_anomaly_row_count,1,1,1466.0,,1466.0,1466.0,deterministic_single_run_std_undefined
statistical_rule,long_stop,recall,1,1,0.36287128712871286,,0.36287128712871286,0.36287128712871286,deterministic_single_run_std_undefined
statistical_rule,long_stop,roc_auc,1,1,0.6301559218929923,,0.6301559218929923,0.6301559218929923,deterministic_single_run_std_undefined
statistical_rule,long_stop,average_precision,1,1,0.04721325968245376,,0.04721325968245376,0.04721325968245376,deterministic_single_run_std_undefined
statistical_rule,long_stop,anomaly_score_mean,1,1,9.491385360275082,,9.491385360275082,9.491385360275082,deterministic_single_run_std_undefined
statistical_rule,long_stop,anomaly_score_median,1,1,4.587286200532019,,4.587286200532019,4.587286200532019,deterministic_single_run_std_undefined
statistical_rule,long_stop,anomaly_score_p95,1,1,14.252419419264644,,14.252419419264644,14.252419419264644,deterministic_single_run_std_undefined
statistical_rule,long_stop,anomaly_score_p99,1,1,119.74787314933383,,119.74787314933383,119.74787314933383,deterministic_single_run_std_undefined
statistical_rule,route_deviation,anomaly_row_count,1,1,1762.0,,1762.0,1762.0,deterministic_single_run_std_undefined
statistical_rule,route_deviation,detected_anomaly_row_count,1,1,362.0,,362.0,362.0,deterministic_single_run_std_undefined
statistical_rule,route_deviation,recall,1,1,0.2054483541430193,,0.2054483541430193,0.2054483541430193,deterministic_single_run_std_undefined
statistical_rule,route_deviation,roc_auc,1,1,0.6169080534625653,,0.6169080534625653,0.6169080534625653,deterministic_single_run_std_undefined
statistical_rule,route_deviation,average_precision,1,1,0.01935370928505547,,0.01935370928505547,0.01935370928505547,deterministic_single_run_std_undefined
statistical_rule,route_deviation,anomaly_score_mean,1,1,11.735251262138881,,11.735251262138881,11.735251262138881,deterministic_single_run_std_undefined
statistical_rule,route_deviation,anomaly_score_median,1,1,4.266878810624831,,4.266878810624831,4.266878810624831,deterministic_single_run_std_undefined
statistical_rule,route_deviation,anomaly_score_p95,1,1,43.36972387262599,,43.36972387262599,43.36972387262599,deterministic_single_run_std_undefined
statistical_rule,route_deviation,anomaly_score_p99,1,1,137.88494881247047,,137.88494881247047,137.88494881247047,deterministic_single_run_std_undefined
