model,seed,metric,mean,user_sample_std,defined_users,requested_users,undefined_users,na_reason
statistical_rule,,precision,0.32166028293062726,0.17198702116672068,19,20,1,
statistical_rule,,recall,0.38430824959110393,0.05614551433701026,19,20,1,
statistical_rule,,f1_score,0.32098657896209226,0.09561317210390048,19,20,1,
statistical_rule,,false_positive_rate,0.05945405616539334,0.03835093896324743,19,20,1,
statistical_rule,,roc_auc,0.6956193207783028,0.04476335295562348,19,20,1,
statistical_rule,,average_precision,0.22243274593786247,0.08014524764124432,19,20,1,
isolation_forest,7.0,precision,0.35703951980758,0.18335124677160924,19,20,1,
isolation_forest,7.0,recall,0.4163533224175909,0.04544532786174896,19,20,1,
isolation_forest,7.0,f1_score,0.3537340165537364,0.1075182790996488,19,20,1,
isolation_forest,7.0,false_positive_rate,0.05576975527136976,0.0413956884472927,19,20,1,
isolation_forest,7.0,roc_auc,0.7724321471311185,0.05767952389211349,19,20,1,
isolation_forest,7.0,average_precision,0.2984670852750407,0.1269033652331195,19,20,1,
isolation_forest,21.0,precision,0.34903688978321307,0.18493848870807292,19,20,1,
isolation_forest,21.0,recall,0.42465266087854053,0.044467956367623754,19,20,1,
isolation_forest,21.0,f1_score,0.35227488132608503,0.10914873248946087,19,20,1,
isolation_forest,21.0,false_positive_rate,0.05761761377875536,0.04149737546814195,19,20,1,
isolation_forest,21.0,roc_auc,0.7742349400508968,0.06097201866712902,19,20,1,
isolation_forest,21.0,average_precision,0.29021506791300417,0.13514393688623097,19,20,1,
isolation_forest,42.0,precision,0.3508344867756112,0.1892085768734973,19,20,1,
isolation_forest,42.0,recall,0.43771815223049515,0.04229023370095553,19,20,1,
isolation_forest,42.0,f1_score,0.35765582224495673,0.11004881822952035,19,20,1,
isolation_forest,42.0,false_positive_rate,0.05806837617059625,0.040408517929656954,19,20,1,
isolation_forest,42.0,roc_auc,0.7647579890560658,0.060108241414775734,19,20,1,
isolation_forest,42.0,average_precision,0.2978210036848874,0.13053692604344175,19,20,1,
isolation_forest,100.0,precision,0.34570341708080904,0.17685536551692999,19,20,1,
isolation_forest,100.0,recall,0.42271863488694206,0.04577737407537882,19,20,1,
isolation_forest,100.0,f1_score,0.35161011971736256,0.10594441920157711,19,20,1,
isolation_forest,100.0,false_positive_rate,0.05817447206487654,0.04290153119582874,19,20,1,
isolation_forest,100.0,roc_auc,0.7684888166915458,0.06127784120363886,19,20,1,
isolation_forest,100.0,average_precision,0.28083568505674894,0.12847124221983083,19,20,1,
isolation_forest,2026.0,precision,0.3571865060845766,0.18702378632486225,19,20,1,
isolation_forest,2026.0,recall,0.4262612094466047,0.044704943951869164,19,20,1,
isolation_forest,2026.0,f1_score,0.3575246386927824,0.10733691784573196,19,20,1,
isolation_forest,2026.0,false_positive_rate,0.056159864932608404,0.04167377242602042,19,20,1,
isolation_forest,2026.0,roc_auc,0.7685186211212601,0.05719815735998167,19,20,1,
isolation_forest,2026.0,average_precision,0.2884240182931962,0.13234903231205275,19,20,1,
autoencoder,7.0,precision,0.27456566823797396,0.12782952375209272,19,20,1,
autoencoder,7.0,recall,0.4612595591674864,0.05951534678819343,19,20,1,
autoencoder,7.0,f1_score,0.32343244590749604,0.08981527332129215,19,20,1,
autoencoder,7.0,false_positive_rate,0.08099048576053067,0.04100345942244774,19,20,1,
autoencoder,7.0,roc_auc,0.7979406077062902,0.049026337823546075,19,20,1,
autoencoder,7.0,average_precision,0.3269661421631948,0.1041388576568181,19,20,1,
autoencoder,21.0,precision,0.24637683043701883,0.12093704341836364,19,20,1,
autoencoder,21.0,recall,0.45949891881063476,0.06914665191448754,19,20,1,
autoencoder,21.0,f1_score,0.2999734814935516,0.08157565385728847,19,20,1,
autoencoder,21.0,false_positive_rate,0.09136189096813319,0.04135027311668323,19,20,1,
autoencoder,21.0,roc_auc,0.8068778466758708,0.05474752296281565,19,20,1,
autoencoder,21.0,average_precision,0.29873113488389225,0.10008313151385674,19,20,1,
autoencoder,42.0,precision,0.24987740381067264,0.1342184758961401,19,20,1,
autoencoder,42.0,recall,0.29528209125587235,0.05592321194789265,19,20,1,
autoencoder,42.0,f1_score,0.24920831910777164,0.07483662587161595,19,20,1,
autoencoder,42.0,false_positive_rate,0.06013377317353034,0.02848881107894758,19,20,1,
autoencoder,42.0,roc_auc,0.7429744583925061,0.032225951971997326,19,20,1,
autoencoder,42.0,average_precision,0.24357480064564496,0.09514383409119287,19,20,1,
autoencoder,100.0,precision,0.2121350463286403,0.12608556121017483,19,20,1,
autoencoder,100.0,recall,0.23966238421482833,0.06543270218144105,19,20,1,
autoencoder,100.0,f1_score,0.20695133241064184,0.07508220295080792,19,20,1,
autoencoder,100.0,false_positive_rate,0.06025467095809643,0.029819084125230242,19,20,1,
autoencoder,100.0,roc_auc,0.7614535323559858,0.04157024487779085,19,20,1,
autoencoder,100.0,average_precision,0.22875408525988955,0.08807625168835936,19,20,1,
autoencoder,2026.0,precision,0.2396451057540445,0.13565118776672866,19,20,1,
autoencoder,2026.0,recall,0.28018126897142964,0.06302273643462086,19,20,1,
autoencoder,2026.0,f1_score,0.23584565650757058,0.07850116664227656,19,20,1,
autoencoder,2026.0,false_positive_rate,0.06099940031642483,0.030062110250735068,19,20,1,
autoencoder,2026.0,roc_auc,0.7302018771954765,0.04361411016792564,19,20,1,
autoencoder,2026.0,average_precision,0.23817317518743697,0.0882844360104662,19,20,1,
