table,column,undefined_cells,reason
final_seed_metrics,seed,1,Undefined statistic/missed-event delay/not-applicable identity; explicit support and per-row reasons retained
final_point_metrics,sample_std,17,Undefined statistic/missed-event delay/not-applicable identity; explicit support and per-row reasons retained
final_user_seed_metrics,seed,20,Undefined statistic/missed-event delay/not-applicable identity; explicit support and per-row reasons retained
final_user_seed_metrics,accuracy,11,Undefined statistic/missed-event delay/not-applicable identity; explicit support and per-row reasons retained
final_user_seed_metrics,precision,11,Undefined statistic/missed-event delay/not-applicable identity; explicit support and per-row reasons retained
final_user_seed_metrics,recall,11,Undefined statistic/missed-event delay/not-applicable identity; explicit support and per-row reasons retained
final_user_seed_metrics,false_positive_rate,11,Undefined statistic/missed-event delay/not-applicable identity; explicit support and per-row reasons retained
final_user_seed_metrics,f1_score,11,Undefined statistic/missed-event delay/not-applicable identity; explicit support and per-row reasons retained
final_user_seed_metrics,roc_auc,11,Undefined statistic/missed-event delay/not-applicable identity; explicit support and per-row reasons retained
final_user_seed_metrics,average_precision,11,Undefined statistic/missed-event delay/not-applicable identity; explicit support and per-row reasons retained
final_user_metrics,mean,18,Undefined statistic/missed-event delay/not-applicable identity; explicit support and per-row reasons retained
final_user_metrics,sample_std,172,Undefined statistic/missed-event delay/not-applicable identity; explicit support and per-row reasons retained
final_user_metrics,min,18,Undefined statistic/missed-event delay/not-applicable identity; explicit support and per-row reasons retained
final_user_metrics,max,18,Undefined statistic/missed-event delay/not-applicable identity; explicit support and per-row reasons retained
final_anomaly_type_seed_metrics,seed,4,Undefined statistic/missed-event delay/not-applicable identity; explicit support and per-row reasons retained
final_anomaly_type_metrics,sample_std,36,Undefined statistic/missed-event delay/not-applicable identity; explicit support and per-row reasons retained
final_user_macro_metrics,seed,6,Undefined statistic/missed-event delay/not-applicable identity; explicit support and per-row reasons retained
final_event_catalog,event_duration_sec,4,Undefined statistic/missed-event delay/not-applicable identity; explicit support and per-row reasons retained
final_event_metrics,seed,84,Undefined statistic/missed-event delay/not-applicable identity; explicit support and per-row reasons retained
final_event_metrics,event_duration_sec,44,Undefined statistic/missed-event delay/not-applicable identity; explicit support and per-row reasons retained
final_event_metrics,first_detection_source_index,127,Undefined statistic/missed-event delay/not-applicable identity; explicit support and per-row reasons retained
final_event_metrics,delay_points,127,Undefined statistic/missed-event delay/not-applicable identity; explicit support and per-row reasons retained
final_event_metrics,first_detection_point_offset,127,Undefined statistic/missed-event delay/not-applicable identity; explicit support and per-row reasons retained
final_event_metrics,relative_detection_position,127,Undefined statistic/missed-event delay/not-applicable identity; explicit support and per-row reasons retained
final_event_metrics,delay_seconds,127,Undefined statistic/missed-event delay/not-applicable identity; explicit support and per-row reasons retained
final_event_metrics,average_run_length,127,Undefined statistic/missed-event delay/not-applicable identity; explicit support and per-row reasons retained
final_event_seed_metrics,seed,1,Undefined statistic/missed-event delay/not-applicable identity; explicit support and per-row reasons retained
final_event_summary,sample_std,41,Undefined statistic/missed-event delay/not-applicable identity; explicit support and per-row reasons retained
final_alert_metrics,seed,2,Undefined statistic/missed-event delay/not-applicable identity; explicit support and per-row reasons retained
final_alert_summary,sample_std,144,Undefined statistic/missed-event delay/not-applicable identity; explicit support and per-row reasons retained
final_policy_event_metrics,event_duration_sec,88,Undefined statistic/missed-event delay/not-applicable identity; explicit support and per-row reasons retained
final_policy_event_metrics,raw_first_index,254,Undefined statistic/missed-event delay/not-applicable identity; explicit support and per-row reasons retained
final_policy_event_metrics,raw_delay_points,254,Undefined statistic/missed-event delay/not-applicable identity; explicit support and per-row reasons retained
final_policy_event_metrics,raw_delay_seconds,254,Undefined statistic/missed-event delay/not-applicable identity; explicit support and per-row reasons retained
final_policy_event_metrics,raw_relative_position,254,Undefined statistic/missed-event delay/not-applicable identity; explicit support and per-row reasons retained
final_policy_event_metrics,gate_first_index,254,Undefined statistic/missed-event delay/not-applicable identity; explicit support and per-row reasons retained
final_policy_event_metrics,gate_delay_points,254,Undefined statistic/missed-event delay/not-applicable identity; explicit support and per-row reasons retained
final_policy_event_metrics,gate_delay_seconds,254,Undefined statistic/missed-event delay/not-applicable identity; explicit support and per-row reasons retained
final_policy_event_metrics,gate_relative_position,254,Undefined statistic/missed-event delay/not-applicable identity; explicit support and per-row reasons retained
final_policy_event_metrics,notification_first_index,508,Undefined statistic/missed-event delay/not-applicable identity; explicit support and per-row reasons retained
final_policy_event_metrics,notification_delay_points,508,Undefined statistic/missed-event delay/not-applicable identity; explicit support and per-row reasons retained
final_policy_event_metrics,notification_delay_seconds,508,Undefined statistic/missed-event delay/not-applicable identity; explicit support and per-row reasons retained
final_policy_event_metrics,notification_relative_position,508,Undefined statistic/missed-event delay/not-applicable identity; explicit support and per-row reasons retained
final_policy_event_metrics,average_gate_run_length,254,Undefined statistic/missed-event delay/not-applicable identity; explicit support and per-row reasons retained
final_policy_event_metrics,raw_to_notification_delay_increase_points,508,Undefined statistic/missed-event delay/not-applicable identity; explicit support and per-row reasons retained
final_notification_trace,suppressing_notification_source_index,182615,Undefined statistic/missed-event delay/not-applicable identity; explicit support and per-row reasons retained
final_notification_reduction,seed_reduction_sample_std,1,Undefined statistic/missed-event delay/not-applicable identity; explicit support and per-row reasons retained
stage5_vs_stage7,sample_std_stage7,5,Undefined statistic/missed-event delay/not-applicable identity; explicit support and per-row reasons retained
stage5_vs_stage7,sample_std_stage5,5,Undefined statistic/missed-event delay/not-applicable identity; explicit support and per-row reasons retained
