model,metric,seed_count,available_seed_count,mean,sample_std,min,max,std_na_reason
autoencoder,event_count,5,5,84.0,0.0,84.0,84.0,
autoencoder,detected_event_count,5,5,75.6,5.941380311005179,68.0,83.0,
autoencoder,missed_event_count,5,5,8.4,5.941380311005179,1.0,16.0,
autoencoder,event_detection_rate,5,5,0.9,0.07073071798815689,0.8095238095238095,0.9880952380952381,
autoencoder,point_recall,5,5,0.2439273552780931,0.05272811730419078,0.16685584562996594,0.30022701475595914,
autoencoder,full_label_observed_positive_fraction,5,5,0.2433748584371461,0.05260868781992308,0.1664779161947905,0.2995469988674972,
autoencoder,median_longest_positive_run_points,5,5,1.6,0.5477225575051661,1.0,2.0,
autoencoder,median_longest_positive_run_ratio,5,5,0.09325173677795162,0.03448744718928496,0.06066176470588235,0.13333333333333333,
autoencoder,mean_positive_run_count,5,5,2.25952380952381,0.3395884196856255,1.7738095238095237,2.642857142857143,
autoencoder,total_positive_run_count,5,5,189.8,28.52542725359254,149.0,222.0,
autoencoder,early_detection_10_rate,5,5,0.7,0.138423255749987,0.5119047619047619,0.8928571428571429,
autoencoder,early_detection_10_detected_conditional_rate,5,5,0.7721721913898598,0.09629452552845068,0.6323529411764706,0.9036144578313253,
autoencoder,early_detection_25_rate,5,5,0.7690476190476191,0.11499038705755477,0.6309523809523809,0.9404761904761905,
autoencoder,early_detection_25_detected_conditional_rate,5,5,0.8509346539631094,0.06264552650686801,0.7794117647058824,0.9518072289156626,
autoencoder,early_detection_50_rate,5,5,0.8261904761904763,0.10601255648044375,0.6904761904761905,0.9642857142857143,
autoencoder,early_detection_50_detected_conditional_rate,5,5,0.9151349337502896,0.0466011954347913,0.8529411764705882,0.9759036144578314,
autoencoder,delay_points_mean,5,5,2.7580243359482313,0.8868462582167917,1.5301204819277108,3.9558823529411766,
autoencoder,delay_points_median,5,5,1.0,0.0,1.0,1.0,
autoencoder,delay_points_p75,5,5,1.6,1.3416407864998738,1.0,4.0,
autoencoder,delay_points_p90,5,5,8.180000000000001,4.394542069431127,1.0,12.600000000000009,
autoencoder,delay_points_p95,5,5,11.179999999999993,5.6278992528295975,2.0,16.299999999999997,
autoencoder,delay_seconds_mean,5,5,20.595581192728314,9.4515518976737,5.9879518072289155,30.529411764705884,
autoencoder,delay_seconds_median,5,5,2.4,0.5477225575051661,2.0,3.0,
autoencoder,delay_seconds_p75,5,5,6.1,2.459674775249769,5.0,10.5,
autoencoder,delay_seconds_p90,5,5,45.56,27.506053879100858,5.0,71.50000000000003,
autoencoder,delay_seconds_p95,5,5,75.79999999999994,43.6586188512646,10.0,112.99999999999983,
autoencoder,relative_detection_position_mean,5,5,0.1308771340982527,0.041930372625898875,0.07458697733668566,0.18956732113321983,
autoencoder,relative_detection_position_median,5,5,0.05957983193277311,0.007646597086438537,0.05,0.07142857142857142,
autoencoder,relative_detection_position_p75,5,5,0.11332417582417582,0.05675487740419814,0.07142857142857142,0.21250000000000002,
autoencoder,relative_detection_position_p90,5,5,0.3745195724527422,0.18160390134393894,0.1,0.5663967611336036,
autoencoder,relative_detection_position_p95,5,5,0.5363972733766782,0.25529588742046505,0.1111111111111111,0.7694099378881987,
autoencoder,event_point_coverage_mean,5,5,0.26785206861428434,0.05693842583725592,0.18919437843660025,0.32778481391265696,
autoencoder,event_point_coverage_median,5,5,0.17820214872846452,0.07840820060299555,0.09545454545454546,0.2967032967032967,
autoencoder,event_point_coverage_p25,5,5,0.0784152212729799,0.04021088388480673,0.039615384615384615,0.1367816091954023,
autoencoder,event_point_coverage_p75,5,5,0.4150164835164835,0.10683752916445807,0.24107142857142855,0.485,
autoencoder,event_point_coverage_p90,5,5,0.6450716156250685,0.07327469412738649,0.5895652173913044,0.7664615384615385,
autoencoder,evaluated_point_coverage_mean,5,5,0.2680735710976916,0.05694799986657697,0.189348484691897,0.32790742608884055,
autoencoder,evaluated_point_coverage_median,5,5,0.17820214872846452,0.07840820060299555,0.09545454545454546,0.2967032967032967,
autoencoder,evaluated_point_coverage_p25,5,5,0.078523446381205,0.04011207034646888,0.039615384615384615,0.1367816091954023,
autoencoder,evaluated_point_coverage_p75,5,5,0.4150164835164835,0.10683752916445807,0.24107142857142855,0.485,
autoencoder,evaluated_point_coverage_p90,5,5,0.6450716156250685,0.07327469412738649,0.5895652173913044,0.7664615384615385,
isolation_forest,event_count,5,5,84.0,0.0,84.0,84.0,
isolation_forest,detected_event_count,5,5,70.2,1.3038404810405297,68.0,71.0,
isolation_forest,missed_event_count,5,5,13.8,1.30384048104053,13.0,16.0,
isolation_forest,event_detection_rate,5,5,0.8357142857142857,0.015521910488577727,0.8095238095238095,0.8452380952380952,
isolation_forest,point_recall,5,5,0.15561861520998868,0.026657323110572555,0.12031782065834279,0.1923950056753689,
isolation_forest,full_label_observed_positive_fraction,5,5,0.15526613816534543,0.02659694412277963,0.12004530011325028,0.19195922989807473,
isolation_forest,median_longest_positive_run_points,5,5,1.0,0.0,1.0,1.0,
isolation_forest,median_longest_positive_run_ratio,5,5,0.051327689768092245,0.006110729164952481,0.045454545454545456,0.06066176470588235,
isolation_forest,mean_positive_run_count,5,5,1.5071428571428573,0.08852853544084861,1.369047619047619,1.5952380952380953,
isolation_forest,total_positive_run_count,5,5,126.6,7.436396977031282,115.0,134.0,
isolation_forest,early_detection_10_rate,5,5,0.6547619047619047,0.0145802960879951,0.6309523809523809,0.6666666666666666,
isolation_forest,early_detection_10_detected_conditional_rate,5,5,0.7834477452953011,0.006219302145541812,0.7746478873239436,0.7887323943661971,
isolation_forest,early_detection_25_rate,5,5,0.7023809523809523,0.01882308131052605,0.6785714285714286,0.7261904761904762,
isolation_forest,early_detection_25_detected_conditional_rate,5,5,0.8404035980589418,0.012316515396882471,0.8285714285714286,0.8591549295774648,
isolation_forest,early_detection_50_rate,5,5,0.7190476190476192,0.019920476822239915,0.6904761904761905,0.7380952380952381,
isolation_forest,early_detection_50_detected_conditional_rate,5,5,0.8603266658776187,0.012559004232419268,0.8450704225352113,0.8732394366197183,
isolation_forest,delay_points_mean,5,5,3.0970469878092084,0.1199072229824919,2.9577464788732395,3.267605633802817,
isolation_forest,delay_points_median,5,5,1.0,0.0,1.0,1.0,
isolation_forest,delay_points_p75,5,5,1.0,0.0,1.0,1.0,
isolation_forest,delay_points_p90,5,5,11.22,0.4381780460041328,11.0,12.0,
isolation_forest,delay_points_p95,5,5,14.62,0.5674504383644431,14.0,15.099999999999994,
isolation_forest,delay_seconds_mean,5,5,23.112728133506923,1.4749475923191662,21.619718309859156,25.535211267605632,
isolation_forest,delay_seconds_median,5,5,2.0,0.0,2.0,2.0,
isolation_forest,delay_seconds_p75,5,5,5.0,0.0,5.0,5.0,
isolation_forest,delay_seconds_p90,5,5,52.76000000000001,3.1389488686501408,50.0,58.0,
isolation_forest,delay_seconds_p95,5,5,87.85,6.679258940930504,82.5,99.5,
isolation_forest,relative_detection_position_mean,5,5,0.14143837751006155,0.005441283481615089,0.13289039513451592,0.14610793457229238,
isolation_forest,relative_detection_position_median,5,5,0.05849673202614379,0.0007307411691175788,0.05718954248366013,0.058823529411764705,
isolation_forest,relative_detection_position_p75,5,5,0.09423076923076923,0.0057692307692307696,0.08846153846153847,0.1,
isolation_forest,relative_detection_position_p90,5,5,0.5326007326007326,0.008025238937804604,0.5238095238095238,0.5384615384615384,
isolation_forest,relative_detection_position_p95,5,5,0.5852880680402832,0.025274407243747677,0.5653357531760436,0.6271929824561401,
isolation_forest,event_point_coverage_mean,5,5,0.17798709560619264,0.026018194803939822,0.1437318178318891,0.21365222578478058,
isolation_forest,event_point_coverage_median,5,5,0.07364792070674422,0.00933333431328869,0.06274509803921569,0.08846153846153847,
isolation_forest,event_point_coverage_p25,5,5,0.0358511220580186,0.0004963265643317893,0.0354064039408867,0.0367063492063492,
isolation_forest,event_point_coverage_p75,5,5,0.20164735264735265,0.06527798585977315,0.14073426573426573,0.2912087912087912,
isolation_forest,event_point_coverage_p90,5,5,0.6112820231298494,0.11376638374398657,0.422529644268775,0.7153409090909092,
isolation_forest,evaluated_point_coverage_mean,5,5,0.17815616154906813,0.026012798779480758,0.1439040331826759,0.21380869409601078,
isolation_forest,evaluated_point_coverage_median,5,5,0.07364792070674422,0.00933333431328869,0.06274509803921569,0.08846153846153847,
isolation_forest,evaluated_point_coverage_p25,5,5,0.0358511220580186,0.0004963265643317893,0.0354064039408867,0.0367063492063492,
isolation_forest,evaluated_point_coverage_p75,5,5,0.20164735264735265,0.06527798585977315,0.14073426573426573,0.2912087912087912,
isolation_forest,evaluated_point_coverage_p90,5,5,0.6112820231298494,0.11376638374398657,0.422529644268775,0.7153409090909092,
statistical_rule,event_count,1,1,84.0,,84.0,84.0,deterministic_single_result
statistical_rule,detected_event_count,1,1,68.0,,68.0,68.0,deterministic_single_result
statistical_rule,missed_event_count,1,1,16.0,,16.0,16.0,deterministic_single_result
statistical_rule,event_detection_rate,1,1,0.8095238095238095,,0.8095238095238095,0.8095238095238095,deterministic_single_result
statistical_rule,point_recall,1,1,0.2054483541430193,,0.2054483541430193,0.2054483541430193,deterministic_single_result
statistical_rule,full_label_observed_positive_fraction,1,1,0.20498301245753114,,0.20498301245753114,0.20498301245753114,deterministic_single_result
statistical_rule,median_longest_positive_run_points,1,1,1.0,,1.0,1.0,deterministic_single_result
statistical_rule,median_longest_positive_run_ratio,1,1,0.07142857142857142,,0.07142857142857142,0.07142857142857142,deterministic_single_result
statistical_rule,mean_positive_run_count,1,1,2.0,,2.0,2.0,deterministic_single_result
statistical_rule,total_positive_run_count,1,1,168.0,,168.0,168.0,deterministic_single_result
statistical_rule,early_detection_10_rate,1,1,0.5833333333333334,,0.5833333333333334,0.5833333333333334,deterministic_single_result
statistical_rule,early_detection_10_detected_conditional_rate,1,1,0.7205882352941176,,0.7205882352941176,0.7205882352941176,deterministic_single_result
statistical_rule,early_detection_25_rate,1,1,0.6547619047619048,,0.6547619047619048,0.6547619047619048,deterministic_single_result
statistical_rule,early_detection_25_detected_conditional_rate,1,1,0.8088235294117647,,0.8088235294117647,0.8088235294117647,deterministic_single_result
statistical_rule,early_detection_50_rate,1,1,0.6785714285714286,,0.6785714285714286,0.6785714285714286,deterministic_single_result
statistical_rule,early_detection_50_detected_conditional_rate,1,1,0.8382352941176471,,0.8382352941176471,0.8382352941176471,deterministic_single_result
statistical_rule,delay_points_mean,1,1,3.176470588235294,,3.176470588235294,3.176470588235294,deterministic_single_result
statistical_rule,delay_points_median,1,1,1.0,,1.0,1.0,deterministic_single_result
statistical_rule,delay_points_p75,1,1,1.0,,1.0,1.0,deterministic_single_result
statistical_rule,delay_points_p90,1,1,11.0,,11.0,11.0,deterministic_single_result
statistical_rule,delay_points_p95,1,1,14.0,,14.0,14.0,deterministic_single_result
statistical_rule,delay_seconds_mean,1,1,28.191176470588236,,28.191176470588236,28.191176470588236,deterministic_single_result
statistical_rule,delay_seconds_median,1,1,2.0,,2.0,2.0,deterministic_single_result
statistical_rule,delay_seconds_p75,1,1,5.0,,5.0,5.0,deterministic_single_result
statistical_rule,delay_seconds_p90,1,1,68.60000000000001,,68.60000000000001,68.60000000000001,deterministic_single_result
statistical_rule,delay_seconds_p95,1,1,91.49999999999999,,91.49999999999999,91.49999999999999,deterministic_single_result
statistical_rule,relative_detection_position_mean,1,1,0.15184316516342383,,0.15184316516342383,0.15184316516342383,deterministic_single_result
statistical_rule,relative_detection_position_median,1,1,0.058823529411764705,,0.058823529411764705,0.058823529411764705,deterministic_single_result
statistical_rule,relative_detection_position_p75,1,1,0.1111111111111111,,0.1111111111111111,0.1111111111111111,deterministic_single_result
statistical_rule,relative_detection_position_p90,1,1,0.5424403183023873,,0.5424403183023873,0.5424403183023873,deterministic_single_result
statistical_rule,relative_detection_position_p95,1,1,0.5849845201238391,,0.5849845201238391,0.5849845201238391,deterministic_single_result
statistical_rule,event_point_coverage_mean,1,1,0.23026460113256184,,0.23026460113256184,0.23026460113256184,deterministic_single_result
statistical_rule,event_point_coverage_median,1,1,0.10912698412698413,,0.10912698412698413,0.10912698412698413,deterministic_single_result
statistical_rule,event_point_coverage_p25,1,1,0.037037037037037035,,0.037037037037037035,0.037037037037037035,deterministic_single_result
statistical_rule,event_point_coverage_p75,1,1,0.391304347826087,,0.391304347826087,0.391304347826087,deterministic_single_result
statistical_rule,event_point_coverage_p90,1,1,0.6021978021978024,,0.6021978021978024,0.6021978021978024,deterministic_single_result
statistical_rule,evaluated_point_coverage_mean,1,1,0.23038721330874545,,0.23038721330874545,0.23038721330874545,deterministic_single_result
statistical_rule,evaluated_point_coverage_median,1,1,0.1111111111111111,,0.1111111111111111,0.1111111111111111,deterministic_single_result
statistical_rule,evaluated_point_coverage_p25,1,1,0.037037037037037035,,0.037037037037037035,0.037037037037037035,deterministic_single_result
statistical_rule,evaluated_point_coverage_p75,1,1,0.391304347826087,,0.391304347826087,0.391304347826087,deterministic_single_result
statistical_rule,evaluated_point_coverage_p90,1,1,0.6021978021978024,,0.6021978021978024,0.6021978021978024,deterministic_single_result
