model,metric,mean_stage7,sample_std_stage7,mean_stage5,sample_std_stage5,delta_stage7_minus_stage5,interpretation
autoencoder,recall,0.35075029688006043,0.10496991920047107,0.3390151515151515,0.0938067770757149,0.011735145364908939,"Cohort difference; same frozen detector, no model-quality change implied"
autoencoder,f1_score,0.23643160615721284,0.0453462438626136,0.2290892932835443,0.0473693888177234,0.007342312873668544,"Cohort difference; same frozen detector, no model-quality change implied"
autoencoder,false_positive_rate,0.06516218891212734,0.010389893947361959,0.0726020000431974,0.0081965235340781,-0.007439811131070062,"Cohort difference; same frozen detector, no model-quality change implied"
autoencoder,roc_auc,0.7528842223758782,0.048566751711612295,0.7476490734304753,0.0340862084348289,0.00523514894540289,"Cohort difference; same frozen detector, no model-quality change implied"
autoencoder,average_precision,0.20066518831603353,0.04158585670744465,0.1567918461553907,0.0289807016252865,0.043873342160642814,"Cohort difference; same frozen detector, no model-quality change implied"
isolation_forest,recall,0.4246788297527798,0.010250002590692253,0.3910037878787878,0.0091897542179993,0.03367504187399201,"Cohort difference; same frozen detector, no model-quality change implied"
isolation_forest,f1_score,0.30672865620626477,0.0031945584251894654,0.2660400706107592,0.0054187739645345,0.04068858559550559,"Cohort difference; same frozen detector, no model-quality change implied"
isolation_forest,false_positive_rate,0.05576808530648621,0.001885961041588958,0.0706408345752608,0.0019540353893609,-0.014872749268774584,"Cohort difference; same frozen detector, no model-quality change implied"
isolation_forest,roc_auc,0.7369523795771717,0.0053029491433603205,0.7467304909393292,0.0061994845981819,-0.009778111362157449,"Cohort difference; same frozen detector, no model-quality change implied"
isolation_forest,average_precision,0.20208463312932326,0.011308911902959918,0.2105990030565991,0.0154659602662216,-0.008514369927275833,"Cohort difference; same frozen detector, no model-quality change implied"
statistical_rule,recall,0.38702364244845083,,0.3612689393939394,,0.02575470305451144,"Cohort difference; same frozen detector, no model-quality change implied"
statistical_rule,f1_score,0.28409541168079877,,0.2569456137396868,,0.027149797941111997,"Cohort difference; same frozen detector, no model-quality change implied"
statistical_rule,false_positive_rate,0.055488626846821834,,0.0661785351735458,,-0.010689908326723965,"Cohort difference; same frozen detector, no model-quality change implied"
statistical_rule,roc_auc,0.6856545025786159,,0.6693455187444326,,0.016308983834183333,"Cohort difference; same frozen detector, no model-quality change implied"
statistical_rule,average_precision,0.15992907169793827,,0.1388044524571499,,0.021124619240788373,"Cohort difference; same frozen detector, no model-quality change implied"
